{
    "DNDConfig": null,
    "__parentReadjusting__": false,
    "_height_": {
        "type": "string",
        "value": "10%"
    },
    "_left_": {
        "type": "string",
        "value": "0dp"
    },
    "_margin_": [
        0,
        0,
        0,
        0
    ],
    "_orientation_": 6,
    "_padding_": [
        0,
        0,
        0,
        0
    ],
    "_percent_": true,
    "_skin_": "s8e7f8b82787498c81211da82943388f",
    "_top_": {
        "type": "string",
        "value": "0dp"
    },
    "_width_": {
        "type": "string",
        "value": "100%"
    },
    "allboxes": [],
    "autogrowmode": 0,
    "canUpdateUI": true,
    "children": [
        "CopyLabel0202755656a1046",
        "CopyflxLine0b414cfb2ffdf49"
    ],
    "clipbounds": true,
    "containerweight": 100,
    "enablescrolling": true,
    "id": "flxIssues",
    "ide_onTouchEnd": "AS_FlexContainer_023d39feade44fbabf6dca8f684b6775",
    "info": null,
    "isvisible": true,
    "kuid": "f8e7bc9074494a50a1986c30c4b132ff",
    "layouttype": 2,
    "name": "kony.ui.FlexContainer",
    "parent": "flxMenuMain",
    "pf": "frmIssues",
    "snapgridsize": 10,
    "snaptogrid": true,
    "wType": "FlexContainer",
    "widgetalignment": 1
}