{
    "@class": "com.kony.gen.viz.model.container.KVizSegment2",
    "DNDConfig": null,
    "__parentReadjusting__": false,
    "_data_": [
        {
            "lblDateValue": {
                "@class": "com.viz.ide.model.segment.SimpleTextSegmentData",
                "text": "21 May, 2016"
            },
            "lblFromValue": {
                "@class": "com.viz.ide.model.segment.SimpleTextSegmentData",
                "text": "ఒక చెట్టు రోడ్డు మీద పడిపోయింది మరియు ట్రాఫిక్ జామ్ ఉంది"
            },
            "lblTitle": {
                "@class": "com.viz.ide.model.segment.SimpleTextSegmentData",
                "text": "Pending"
            },
            "lblTo": {
                "@class": "com.viz.ide.model.segment.SimpleTextSegmentData",
                "text": "Road # 36, Jubilee Hills"
            }
        },
        {
            "lblDateValue": {
                "@class": "com.viz.ide.model.segment.SimpleTextSegmentData",
                "text": "21 May, 2016"
            },
            "lblFromValue": {
                "@class": "com.viz.ide.model.segment.SimpleTextSegmentData",
                "text": "Oil spilled on the road and it is causing lot of inconvenience to the peopl on road."
            },
            "lblTitle": {
                "@class": "com.viz.ide.model.segment.SimpleTextSegmentData",
                "text": "Pending"
            },
            "lblTo": {
                "@class": "com.viz.ide.model.segment.SimpleTextSegmentData",
                "text": "Shivam Road"
            }
        },
        {
            "lblDateValue": {
                "@class": "com.viz.ide.model.segment.SimpleTextSegmentData",
                "text": "16 May, 2016"
            },
            "lblFromValue": {
                "@class": "com.viz.ide.model.segment.SimpleTextSegmentData",
                "text": "Pipe layout work done was not finished properly. Digging was not covered properly. Causing issue while driving a car"
            },
            "lblTitle": {
                "@class": "com.viz.ide.model.segment.SimpleTextSegmentData",
                "text": "Resolved"
            },
            "lblTo": {
                "@class": "com.viz.ide.model.segment.SimpleTextSegmentData",
                "text": "Main Road, Srinagar Colony"
            }
        },
        {
            "lblDateValue": {
                "@class": "com.viz.ide.model.segment.SimpleTextSegmentData",
                "text": "13 May, 2016"
            },
            "lblFromValue": {
                "@class": "com.viz.ide.model.segment.SimpleTextSegmentData",
                "text": "Roads are completely washed away because of yesterday's rain. Lot of water stagnated."
            },
            "lblTitle": {
                "@class": "com.viz.ide.model.segment.SimpleTextSegmentData",
                "text": "Resolved"
            },
            "lblTo": {
                "@class": "com.viz.ide.model.segment.SimpleTextSegmentData",
                "text": "Yellareddy Guda"
            }
        },
        {
            "lblDateValue": {
                "@class": "com.viz.ide.model.segment.SimpleTextSegmentData",
                "text": "10 May, 2016"
            },
            "lblFromValue": {
                "@class": "com.viz.ide.model.segment.SimpleTextSegmentData",
                "text": "A tree fell down on the road and there is traffic jam "
            },
            "lblTitle": {
                "@class": "com.viz.ide.model.segment.SimpleTextSegmentData",
                "text": "Pending"
            },
            "lblTo": {
                "@class": "com.viz.ide.model.segment.SimpleTextSegmentData",
                "text": "Chandanagar Road"
            }
        },
        {
            "lblDateValue": {
                "@class": "com.viz.ide.model.segment.SimpleTextSegmentData",
                "text": "09 May, 2016"
            },
            "lblFromValue": {
                "@class": "com.viz.ide.model.segment.SimpleTextSegmentData",
                "text": "Because of yesterday's rain, lot of potholes came up on the road. Please fix them"
            },
            "lblTitle": {
                "@class": "com.viz.ide.model.segment.SimpleTextSegmentData",
                "text": "Resolved"
            },
            "lblTo": {
                "@class": "com.viz.ide.model.segment.SimpleTextSegmentData",
                "text": "NH 56, Bowenpally"
            }
        },
        {
            "lblDateValue": {
                "@class": "com.viz.ide.model.segment.SimpleTextSegmentData",
                "text": "03 May, 2016"
            },
            "lblFromValue": {
                "@class": "com.viz.ide.model.segment.SimpleTextSegmentData",
                "text": "Oil spilled on the road and it is causing lot of inconvenience to the peopl on road."
            },
            "lblTitle": {
                "@class": "com.viz.ide.model.segment.SimpleTextSegmentData",
                "text": "Resolved"
            },
            "lblTo": {
                "@class": "com.viz.ide.model.segment.SimpleTextSegmentData",
                "text": "Chandanagar RoadMain Road, Srinagar Colony"
            }
        },
        {
            "lblDateValue": {
                "@class": "com.viz.ide.model.segment.SimpleTextSegmentData",
                "text": "29 April, 2016"
            },
            "lblFromValue": {
                "@class": "com.viz.ide.model.segment.SimpleTextSegmentData",
                "text": "Pipe layout work done was not finished properly. Digging was not covered properly. Causing issue while driving a car"
            },
            "lblTitle": {
                "@class": "com.viz.ide.model.segment.SimpleTextSegmentData",
                "text": "Pending"
            },
            "lblTo": {
                "@class": "com.viz.ide.model.segment.SimpleTextSegmentData",
                "text": "Road # 36, Jubilee Hills"
            }
        }
    ],
    "_height_": {
        "type": "string",
        "value": "100%"
    },
    "_indicator_": "none",
    "_left_": {
        "type": "string",
        "value": "0dp"
    },
    "_margin_": [
        0,
        0,
        0,
        0
    ],
    "_orientation_": 2,
    "_padding_": [
        0,
        0,
        0,
        0
    ],
    "_top_": {
        "type": "string",
        "value": "0dp"
    },
    "_width_": {
        "type": "string",
        "value": "100%"
    },
    "autogrowmode": 0,
    "canUpdateUI": true,
    "containerweight": 100,
    "counter": "07",
    "focusedindex": null,
    "focuseditem": null,
    "groupcells": false,
    "hasSections": false,
    "id": "segIssues",
    "ide_onRowClick": "AS_Segment_bdd3f10f5dc54ffbb9c9b33bd33eb050",
    "info": null,
    "ipad": {
        "psp": {
            "indicator": "rowselect"
        }
    },
    "iphone": {
        "psp": {
            "indicator": "none"
        }
    },
    "isvisible": true,
    "kuid": "3503bd1381b2448a80cfd4f63598a6d0",
    "masterdata": {},
    "name": "kony.ui.SegmentedUI2",
    "needpageindicator": true,
    "pageoffdotimage": "pageOffDot.png",
    "pageondotimage": "pageOnDot.png",
    "paginationconfig": {
        "position": "bottom"
    },
    "parent": "flxBody",
    "pf": "frmIssues",
    "retainselection": false,
    "rowTemplateId": "36152603d8c041df89c22723c3a45bb3",
    "rowcounter": 7,
    "rowfocusskin": "sfd728bc3eed427cb2dd30b05a23706f",
    "rowskin": "s6b3dbc9a8284fd796af2cce2934eb65",
    "rowtemplate": "flxSegOuter",
    "screenlevelwidget": false,
    "seccounter": 0,
    "sectionheaderskin": "sd7c192fe3ac40d4a4b945509f37b2de",
    "selectedRows": null,
    "selectedState": false,
    "selectedindex": null,
    "selectedindices": null,
    "selecteditems": null,
    "selectedsectionindex": 0,
    "selectionbehavior": "default",
    "separatorcolor": "64646400",
    "separatorrequired": true,
    "separatorthickness": 1,
    "showscrollbars": false,
    "viewtype": "tableview",
    "wType": "Segment",
    "widgetalignment": 5,
    "widgetdatamap": {
        "flxSegOuter": "flxSegOuter",
        "lblDateValue": "lblDateValue",
        "lblFromValue": "lblFromValue",
        "lblTitle": "lblTitle",
        "lblTo": "lblTo"
    }
}