{
  "android": {
    "font_name": "ClanPro-News"
  },
  "background_color": "25fff0ff",
  "bg_type": "one",
  "border_color": "257d7eff",
  "border_radius": 15,
  "border_style": "custom",
  "border_type": 0,
  "border_width": 1,
  "desktopweb": {
    "font_name": "Helvetica"
  },
  "fontSizeInPx": false,
  "font_color": "1c3f64ff",
  "font_name": "Helvetica",
  "font_size": 100,
  "font_style": "normal",
  "font_weight": "normal",
  "ipad": {
    "font_name": "Helvetica"
  },
  "iphone": {
    "font_name": "ClanPro-News"
  },
  "isDefaultSkin": false,
  "kiosk": {
    "font_name": "ClanPro-Book"
  },
  "kuid": "s00107f4371a4c17a1676ca6bc5c26ab",
  "spaan": {
    "font_name": "ClanPro-News"
  },
  "spaandroidtablet": {
    "font_name": "Helvetica"
  },
  "spabb": {
    "font_name": "Helvetica"
  },
  "spaip": {
    "font_name": "ClanPro-News"
  },
  "spaipad": {
    "font_name": "Helvetica"
  },
  "spawindowstablet": {
    "font_name": "Helvetica"
  },
  "spawinphone8": {
    "font_name": "ClanPro-News"
  },
  "tabrcandroid": {
    "font_name": "Helvetica"
  },
  "wType": "Button",
  "windows8": {
    "font_name": "ClanPro-Book"
  },
  "winphone8": {
    "font_name": "ClanPro-News"
  }
}