{
  "android": {
    "font_name": "ClanPro-News",
    "font_size": 114,
    "isForked": false
  },
  "background_color": "00000000",
  "bg_type": "one",
  "border_color": "424242ff",
  "border_style": "plain",
  "border_type": 0,
  "border_width": 0,
  "desktopweb": {
    "font_name": "Helvetica",
    "font_size": 400,
    "isForked": false
  },
  "fontSizeInPx": true,
  "font_color": "5e5050ff",
  "font_name": "Helvetica",
  "font_size": 171,
  "font_style": "normal",
  "font_weight": "normal",
  "ipad": {
    "font_name": "Helvetica",
    "font_size": 171,
    "isForked": false
  },
  "iphone": {
    "font_name": "ClanPro-News",
    "font_size": 171,
    "isForked": false
  },
  "isDefaultSkin": false,
  "kiosk": {
    "font_name": "GenericMonospace",
    "font_size": 300,
    "isForked": false
  },
  "kuid": "s02fb8644c8c444c823d2ff44bc8f8d3",
  "spaan": {
    "font_name": "Helvetica",
    "font_size": 200,
    "isForked": false
  },
  "spaandroidtablet": {
    "font_name": "Helvetica",
    "font_size": 200,
    "isForked": false
  },
  "spabb": {
    "font_name": "Helvetica",
    "font_size": 200,
    "isForked": false
  },
  "spaip": {
    "font_name": "Helvetica",
    "font_size": 200,
    "isForked": false
  },
  "spaipad": {
    "font_name": "Helvetica",
    "font_size": 200,
    "isForked": false
  },
  "spawindowstablet": {
    "font_name": "Helvetica",
    "font_size": 200,
    "isForked": false
  },
  "spawinphone8": {
    "font_name": "Helvetica",
    "font_size": 200,
    "isForked": false
  },
  "tabrcandroid": {
    "font_name": "Helvetica",
    "font_size": 284,
    "isForked": false
  },
  "wType": "Label",
  "watchos": {
    "font_name": "Helvetica",
    "font_size": 171,
    "isForked": false
  },
  "windows8": {
    "font_name": "GenericMonospace",
    "font_size": 117,
    "isForked": false
  },
  "winphone8": {
    "font_name": "GenericMonospace",
    "font_size": 160,
    "isForked": false
  }
}