{
  "android": {
    "background_color": "00000000",
    "bg_type": "one",
    "isForked": true
  },
  "background_color": "00000000",
  "bg_type": "one",
  "border_color": "000000ff",
  "border_style": "plain",
  "border_type": 0,
  "border_width": 0,
  "desktopweb": {
    "background_color": "00000000",
    "bg_type": "one",
    "bottom_left_border_color": "000000ff",
    "bottom_left_border_style": "plain",
    "bottom_left_border_width": 0,
    "bottom_right_border_color": "000000ff",
    "bottom_right_border_style": "plain",
    "bottom_right_border_width": 0,
    "isForked": true,
    "shadow": {
      "br": 0,
      "color": "000000ff",
      "inner": false,
      "nm": 0,
      "x": 0,
      "y": 0
    },
    "top_left_border_color": "000000ff",
    "top_left_border_style": "plain",
    "top_left_border_width": 0,
    "top_right_border_color": "000000ff",
    "top_right_border_style": "plain",
    "top_right_border_width": 0
  },
  "ipad": {
    "background_color": "00000000",
    "bg_type": "one",
    "isForked": true,
    "shadow": {
      "br": 0,
      "color": "000000ff",
      "inner": false,
      "nm": 0,
      "x": 0,
      "y": 0
    }
  },
  "iphone": {
    "background_color": "00000000",
    "bg_type": "one",
    "isForked": true,
    "shadow": {
      "br": 0,
      "color": "000000ff",
      "inner": false,
      "nm": 0,
      "x": 0,
      "y": 0
    }
  },
  "isDefaultSkin": false,
  "kiosk": {
    "background_color": "00000000",
    "bg_type": "one",
    "isForked": true
  },
  "kuid": "s61fe05617824bd9b8ffb09799d98e04",
  "spaan": {
    "background_color": "00000000",
    "bg_type": "one",
    "bottom_left_border_color": "000000ff",
    "bottom_left_border_style": "plain",
    "bottom_left_border_width": 0,
    "bottom_right_border_color": "000000ff",
    "bottom_right_border_style": "plain",
    "bottom_right_border_width": 0,
    "isForked": true,
    "shadow": {
      "br": 0,
      "color": "000000ff",
      "inner": false,
      "nm": 0,
      "x": 0,
      "y": 0
    },
    "top_left_border_color": "000000ff",
    "top_left_border_style": "plain",
    "top_left_border_width": 0,
    "top_right_border_color": "000000ff",
    "top_right_border_style": "plain",
    "top_right_border_width": 0
  },
  "spaandroidtablet": {
    "background_color": "00000000",
    "bg_type": "one",
    "bottom_left_border_color": "000000ff",
    "bottom_left_border_style": "plain",
    "bottom_left_border_width": 0,
    "bottom_right_border_color": "000000ff",
    "bottom_right_border_style": "plain",
    "bottom_right_border_width": 0,
    "isForked": true,
    "shadow": {
      "br": 0,
      "color": "000000ff",
      "inner": false,
      "nm": 0,
      "x": 0,
      "y": 0
    },
    "top_left_border_color": "000000ff",
    "top_left_border_style": "plain",
    "top_left_border_width": 0,
    "top_right_border_color": "000000ff",
    "top_right_border_style": "plain",
    "top_right_border_width": 0
  },
  "spabb": {
    "background_color": "00000000",
    "bg_type": "one",
    "bottom_left_border_color": "000000ff",
    "bottom_left_border_style": "plain",
    "bottom_left_border_width": 0,
    "bottom_right_border_color": "000000ff",
    "bottom_right_border_style": "plain",
    "bottom_right_border_width": 0,
    "isForked": true,
    "shadow": {
      "br": 0,
      "color": "000000ff",
      "inner": false,
      "nm": 0,
      "x": 0,
      "y": 0
    },
    "top_left_border_color": "000000ff",
    "top_left_border_style": "plain",
    "top_left_border_width": 0,
    "top_right_border_color": "000000ff",
    "top_right_border_style": "plain",
    "top_right_border_width": 0
  },
  "spaip": {
    "background_color": "00000000",
    "bg_type": "one",
    "bottom_left_border_color": "000000ff",
    "bottom_left_border_style": "plain",
    "bottom_left_border_width": 0,
    "bottom_right_border_color": "000000ff",
    "bottom_right_border_style": "plain",
    "bottom_right_border_width": 0,
    "isForked": true,
    "shadow": {
      "br": 0,
      "color": "000000ff",
      "inner": false,
      "nm": 0,
      "x": 0,
      "y": 0
    },
    "top_left_border_color": "000000ff",
    "top_left_border_style": "plain",
    "top_left_border_width": 0,
    "top_right_border_color": "000000ff",
    "top_right_border_style": "plain",
    "top_right_border_width": 0
  },
  "spaipad": {
    "background_color": "00000000",
    "bg_type": "one",
    "bottom_left_border_color": "000000ff",
    "bottom_left_border_style": "plain",
    "bottom_left_border_width": 0,
    "bottom_right_border_color": "000000ff",
    "bottom_right_border_style": "plain",
    "bottom_right_border_width": 0,
    "isForked": true,
    "shadow": {
      "br": 0,
      "color": "000000ff",
      "inner": false,
      "nm": 0,
      "x": 0,
      "y": 0
    },
    "top_left_border_color": "000000ff",
    "top_left_border_style": "plain",
    "top_left_border_width": 0,
    "top_right_border_color": "000000ff",
    "top_right_border_style": "plain",
    "top_right_border_width": 0
  },
  "spawindowstablet": {
    "background_color": "00000000",
    "bg_type": "one",
    "bottom_left_border_color": "000000ff",
    "bottom_left_border_style": "plain",
    "bottom_left_border_width": 0,
    "bottom_right_border_color": "000000ff",
    "bottom_right_border_style": "plain",
    "bottom_right_border_width": 0,
    "isForked": true,
    "shadow": {
      "br": 0,
      "color": "000000ff",
      "inner": false,
      "nm": 0,
      "x": 0,
      "y": 0
    },
    "top_left_border_color": "000000ff",
    "top_left_border_style": "plain",
    "top_left_border_width": 0,
    "top_right_border_color": "000000ff",
    "top_right_border_style": "plain",
    "top_right_border_width": 0
  },
  "spawinphone8": {
    "background_color": "00000000",
    "bg_type": "one",
    "bottom_left_border_color": "000000ff",
    "bottom_left_border_style": "plain",
    "bottom_left_border_width": 0,
    "bottom_right_border_color": "000000ff",
    "bottom_right_border_style": "plain",
    "bottom_right_border_width": 0,
    "isForked": true,
    "shadow": {
      "br": 0,
      "color": "000000ff",
      "inner": false,
      "nm": 0,
      "x": 0,
      "y": 0
    },
    "top_left_border_color": "000000ff",
    "top_left_border_style": "plain",
    "top_left_border_width": 0,
    "top_right_border_color": "000000ff",
    "top_right_border_style": "plain",
    "top_right_border_width": 0
  },
  "tabrcandroid": {
    "background_color": "00000000",
    "bg_type": "one",
    "isForked": true
  },
  "wType": "FlexContainer",
  "windows8": {
    "background_color": "00000000",
    "bg_type": "one",
    "isForked": true
  },
  "winphone8": {
    "background_color": "00000000",
    "bg_type": "one",
    "isForked": true
  }
}