{
  "android": {
    "font_size": 100,
    "isForked": false
  },
  "background_color": "ffffff00",
  "bg_type": "one",
  "border_color": "282828ff",
  "border_style": "plain",
  "border_type": 0,
  "border_width": 0,
  "desktopweb": {
    "font_size": 100,
    "isForked": false
  },
  "fontSizeInPx": false,
  "font_color": "ffffff7f",
  "font_name": "Helvetica",
  "font_size": 100,
  "font_style": "normal",
  "font_weight": "normal",
  "ipad": {
    "font_size": 100,
    "isForked": false
  },
  "iphone": {
    "font_name": "ClanPro-Book",
    "font_size": 100,
    "isForked": false
  },
  "isDefaultSkin": false,
  "kiosk": {
    "font_size": 100,
    "isForked": false
  },
  "kuid": "s7424874cb1b42f88569efe17f497553",
  "spaan": {
    "font_size": 100,
    "isForked": false
  },
  "spaandroidtablet": {
    "font_size": 100,
    "isForked": false
  },
  "spabb": {
    "font_size": 100,
    "isForked": false
  },
  "spaip": {
    "font_size": 100,
    "isForked": false
  },
  "spaipad": {
    "font_size": 100,
    "isForked": false
  },
  "spawindowstablet": {
    "font_size": 100,
    "isForked": false
  },
  "spawinphone8": {
    "font_size": 100,
    "isForked": false
  },
  "tabrcandroid": {
    "font_size": 100,
    "isForked": false
  },
  "wType": "TextField",
  "watchos": {
    "font_size": 100,
    "isForked": false
  },
  "windows8": {
    "font_size": 100,
    "isForked": false
  },
  "winphone8": {
    "font_size": 100,
    "isForked": false
  }
}