{
  "applicableblockedUIWidget": "Button",
  "background_color": "865cadff",
  "bg_type": "one",
  "border_color": "ffffffff",
  "border_radius": 8,
  "border_style": "custom",
  "border_type": 0,
  "border_width": 1,
  "bottom_left_border_color": "000000ff",
  "bottom_left_border_radius": 10,
  "bottom_left_border_width": 0,
  "bottom_right_border_color": "000000ff",
  "bottom_right_border_radius": 10,
  "bottom_right_border_width": 0,
  "font_color": "000000ff",
  "font_size": 100,
  "font_weight": "normal",
  "gridLineColor": "0000000",
  "isDefaultSkin": false,
  "isForked": false,
  "kuid": "sb32d6ffc93a493c82222a894c5d10f9",
  "shadow": {
    "br": 0,
    "color": "000000",
    "inner": false,
    "x": 0,
    "y": 0
  },
  "text_shadow": {
    "br": 0,
    "color": "000000",
    "x": 0,
    "y": 0
  },
  "top_left_border_color": "000000ff",
  "top_left_border_radius": 10,
  "top_left_border_width": 0,
  "top_right_border_color": "000000ff",
  "top_right_border_radius": 10,
  "top_right_border_width": 0,
  "vizChannel": "default",
  "wType": "FlexContainer"
}