{
  "android": {
    "font_size": 89,
    "isForked": false
  },
  "background_color": "ffffffff",
  "bg_type": "one",
  "border_color": "000000ff",
  "border_style": "plain",
  "border_type": 0,
  "border_width": 0,
  "desktopweb": {
    "font_size": 89,
    "isForked": false
  },
  "fontSizeInPx": false,
  "font_color": "5e5050ff",
  "font_name": "Helvetica",
  "font_size": 89,
  "font_style": "normal",
  "font_weight": "normal",
  "ipad": {
    "font_size": 89,
    "isForked": false
  },
  "iphone": {
    "font_name": "ClanPro-Book",
    "font_size": 89,
    "isForked": false
  },
  "isDefaultSkin": false,
  "kiosk": {
    "font_size": 89,
    "isForked": false
  },
  "kuid": "sa5dc7c373c1478c8baaff51c9bfe666",
  "spaan": {
    "font_size": 89,
    "isForked": false
  },
  "spaandroidtablet": {
    "font_size": 89,
    "isForked": false
  },
  "spabb": {
    "font_size": 89,
    "isForked": false
  },
  "spaip": {
    "font_size": 89,
    "isForked": false
  },
  "spaipad": {
    "font_size": 89,
    "isForked": false
  },
  "spawindowstablet": {
    "font_size": 89,
    "isForked": false
  },
  "spawinphone8": {
    "font_size": 89,
    "isForked": false
  },
  "tabrcandroid": {
    "font_size": 89,
    "isForked": false
  },
  "wType": "CheckBoxGroup",
  "watchos": {
    "font_size": 89,
    "isForked": false
  },
  "windows8": {
    "font_size": 89,
    "isForked": false
  },
  "winphone8": {
    "font_size": 89,
    "isForked": false
  }
}