{
  "android": {
    "font_size": 136,
    "isForked": false
  },
  "background_color": "33386dff",
  "bg_type": "one",
  "border_color": "33386dff",
  "border_radius": 100,
  "border_style": "custom",
  "border_type": 0,
  "border_width": 1,
  "desktopweb": {
    "font_size": 136,
    "isForked": false
  },
  "font_color": "ffffffff",
  "font_name": "Helvetica",
  "font_size": 136,
  "ipad": {
    "font_size": 136,
    "isForked": false
  },
  "iphone": {
    "font_name": "ClanPro-Book",
    "font_size": 136,
    "isForked": false
  },
  "isDefaultSkin": false,
  "kiosk": {
    "font_size": 136,
    "isForked": false
  },
  "kuid": "scff9155fe0043a7b4b346f2fb0eb783",
  "spaan": {
    "font_size": 136,
    "isForked": false
  },
  "spaandroidtablet": {
    "font_size": 136,
    "isForked": false
  },
  "spabb": {
    "font_size": 136,
    "isForked": false
  },
  "spaip": {
    "font_size": 136,
    "isForked": false
  },
  "spaipad": {
    "font_size": 136,
    "isForked": false
  },
  "spawindowstablet": {
    "font_size": 136,
    "isForked": false
  },
  "spawinphone8": {
    "font_size": 136,
    "isForked": false
  },
  "tabrcandroid": {
    "font_size": 136,
    "isForked": false
  },
  "wType": "Camera",
  "watchos": {
    "font_size": 136,
    "isForked": false
  },
  "windows8": {
    "font_size": 136,
    "isForked": false
  },
  "winphone8": {
    "font_size": 136,
    "isForked": false
  }
}