{
  "android": {
    "font_size": 67,
    "isForked": false
  },
  "background_color": "de3535ff",
  "bg_type": "one",
  "border_color": "de3535ff",
  "border_radius": 100,
  "border_style": "custom",
  "border_type": 0,
  "border_width": 1,
  "desktopweb": {
    "font_size": 233,
    "isForked": false
  },
  "fontSizeInPx": true,
  "font_color": "ffffffff",
  "font_name": "Helvetica",
  "font_size": 100,
  "ipad": {
    "font_size": 100,
    "isForked": false
  },
  "iphone": {
    "font_name": "ClanPro-Book",
    "font_size": 100,
    "isForked": false
  },
  "isDefaultSkin": false,
  "kiosk": {
    "font_size": 175,
    "isForked": false
  },
  "kuid": "sa3c842d00ac40ab9da8eeb69470d708",
  "spaan": {
    "font_size": 117,
    "isForked": false
  },
  "spaandroidtablet": {
    "font_size": 117,
    "isForked": false
  },
  "spabb": {
    "font_size": 117,
    "isForked": false
  },
  "spaip": {
    "font_size": 117,
    "isForked": false
  },
  "spaipad": {
    "font_size": 117,
    "isForked": false
  },
  "spawindowstablet": {
    "font_size": 117,
    "isForked": false
  },
  "spawinphone8": {
    "font_size": 117,
    "isForked": false
  },
  "tabrcandroid": {
    "font_size": 166,
    "isForked": false
  },
  "wType": "Camera",
  "watchos": {
    "font_size": 100,
    "isForked": false
  },
  "windows8": {
    "font_size": 68,
    "isForked": false
  },
  "winphone8": {
    "font_size": 93,
    "isForked": false
  }
}