{
  "background_color": "9ea1f899",
  "bg_type": "one",
  "border_color": "33386dff",
  "border_style": "rc",
  "border_type": 0,
  "border_width": 1,
  "desktopweb": {
    "background_color": {
      "angle": 0,
      "colors": [
        "d62c3aff",
        "bd1421ff",
        "dd878dff"
      ],
      "cs": [
        0,
        50,
        100
      ],
      "gt": "linear"
    },
    "background_style": "linear",
    "bg_type": "ms_gradient",
    "bottom_left_border_color": "ffffffff",
    "bottom_left_border_style": "plain",
    "bottom_left_border_width": 0,
    "bottom_right_border_color": "ffffffff",
    "bottom_right_border_style": "plain",
    "bottom_right_border_width": 0,
    "isForked": true,
    "shadow": {
      "br": 2,
      "color": "000000ff",
      "inner": false,
      "nm": 0,
      "x": 0,
      "y": 2
    },
    "text_shadow": {
      "br": 0,
      "color": "000000ff",
      "x": 0,
      "y": -1
    },
    "top_left_border_color": "ffffffff",
    "top_left_border_style": "plain",
    "top_left_border_width": 0,
    "top_right_border_color": "ffffffff",
    "top_right_border_style": "plain",
    "top_right_border_width": 0
  },
  "fontSizeInPx": false,
  "font_color": "ffffffff",
  "font_name": "Helvetica",
  "font_size": 100,
  "font_style": "normal",
  "font_weight": "normal",
  "ipad": {
    "background_color": {
      "angle": 0,
      "colors": [
        "d62c3aff",
        "bd1421ff",
        "dd878dff"
      ],
      "cs": [
        0,
        50,
        100
      ],
      "gt": "linear"
    },
    "background_style": "linear",
    "bg_type": "ms_gradient",
    "isForked": true,
    "text_shadow": {
      "br": 0,
      "color": "000000ff",
      "x": 0,
      "y": -1
    }
  },
  "iphone": {
    "font_name": "ClanPro-Book",
    "font_size": 100,
    "isForked": false
  },
  "isDefaultSkin": false,
  "kiosk": {
    "background_color": {
      "angle": 0,
      "colors": [
        "d62c3aff",
        "bd1421ff",
        "dd878dff"
      ],
      "cs": [
        0,
        50,
        100
      ],
      "gt": "linear"
    },
    "background_style": "linear",
    "bg_type": "ms_gradient",
    "isForked": true
  },
  "kuid": "s5c460bc4270484d99c95c3f3d9ff68c",
  "spaan": {
    "background_color": {
      "angle": 0,
      "colors": [
        "d62c3aff",
        "bd1421ff",
        "dd878dff"
      ],
      "cs": [
        0,
        50,
        100
      ],
      "gt": "linear"
    },
    "background_style": "linear",
    "bg_type": "ms_gradient",
    "bottom_left_border_color": "ffffffff",
    "bottom_left_border_style": "plain",
    "bottom_left_border_width": 0,
    "bottom_right_border_color": "ffffffff",
    "bottom_right_border_style": "plain",
    "bottom_right_border_width": 0,
    "isForked": true,
    "shadow": {
      "br": 2,
      "color": "000000ff",
      "inner": false,
      "nm": 0,
      "x": 0,
      "y": 2
    },
    "text_shadow": {
      "br": 0,
      "color": "000000ff",
      "x": 0,
      "y": -1
    },
    "top_left_border_color": "ffffffff",
    "top_left_border_style": "plain",
    "top_left_border_width": 0,
    "top_right_border_color": "ffffffff",
    "top_right_border_style": "plain",
    "top_right_border_width": 0
  },
  "spaandroidtablet": {
    "background_color": {
      "angle": 0,
      "colors": [
        "d62c3aff",
        "bd1421ff",
        "dd878dff"
      ],
      "cs": [
        0,
        50,
        100
      ],
      "gt": "linear"
    },
    "background_style": "linear",
    "bg_type": "ms_gradient",
    "bottom_left_border_color": "ffffffff",
    "bottom_left_border_style": "plain",
    "bottom_left_border_width": 0,
    "bottom_right_border_color": "ffffffff",
    "bottom_right_border_style": "plain",
    "bottom_right_border_width": 0,
    "isForked": true,
    "shadow": {
      "br": 2,
      "color": "000000ff",
      "inner": false,
      "nm": 0,
      "x": 0,
      "y": 2
    },
    "text_shadow": {
      "br": 0,
      "color": "000000ff",
      "x": 0,
      "y": -1
    },
    "top_left_border_color": "ffffffff",
    "top_left_border_style": "plain",
    "top_left_border_width": 0,
    "top_right_border_color": "ffffffff",
    "top_right_border_style": "plain",
    "top_right_border_width": 0
  },
  "spabb": {
    "font_size": 100,
    "isForked": false
  },
  "spaip": {
    "background_color": {
      "angle": 0,
      "colors": [
        "d62c3aff",
        "bd1421ff",
        "dd878dff"
      ],
      "cs": [
        0,
        50,
        100
      ],
      "gt": "linear"
    },
    "background_style": "linear",
    "bg_type": "ms_gradient",
    "bottom_left_border_color": "ffffffff",
    "bottom_left_border_style": "plain",
    "bottom_left_border_width": 0,
    "bottom_right_border_color": "ffffffff",
    "bottom_right_border_style": "plain",
    "bottom_right_border_width": 0,
    "isForked": true,
    "shadow": {
      "br": 2,
      "color": "000000ff",
      "inner": false,
      "nm": 0,
      "x": 0,
      "y": 2
    },
    "text_shadow": {
      "br": 0,
      "color": "000000ff",
      "x": 0,
      "y": -1
    },
    "top_left_border_color": "ffffffff",
    "top_left_border_style": "plain",
    "top_left_border_width": 0,
    "top_right_border_color": "ffffffff",
    "top_right_border_style": "plain",
    "top_right_border_width": 0
  },
  "spaipad": {
    "background_color": {
      "angle": 0,
      "colors": [
        "d62c3aff",
        "bd1421ff",
        "dd878dff"
      ],
      "cs": [
        0,
        50,
        100
      ],
      "gt": "linear"
    },
    "background_style": "linear",
    "bg_type": "ms_gradient",
    "bottom_left_border_color": "ffffffff",
    "bottom_left_border_style": "plain",
    "bottom_left_border_width": 0,
    "bottom_right_border_color": "ffffffff",
    "bottom_right_border_style": "plain",
    "bottom_right_border_width": 0,
    "isForked": true,
    "shadow": {
      "br": 2,
      "color": "000000ff",
      "inner": false,
      "nm": 0,
      "x": 0,
      "y": 2
    },
    "text_shadow": {
      "br": 0,
      "color": "000000ff",
      "x": 0,
      "y": -1
    },
    "top_left_border_color": "ffffffff",
    "top_left_border_style": "plain",
    "top_left_border_width": 0,
    "top_right_border_color": "ffffffff",
    "top_right_border_style": "plain",
    "top_right_border_width": 0
  },
  "spawindowstablet": {
    "background_color": {
      "angle": 0,
      "colors": [
        "d62c3aff",
        "bd1421ff",
        "dd878dff"
      ],
      "cs": [
        0,
        50,
        100
      ],
      "gt": "linear"
    },
    "background_style": "linear",
    "bg_type": "ms_gradient",
    "bottom_left_border_color": "ffffffff",
    "bottom_left_border_style": "plain",
    "bottom_left_border_width": 0,
    "bottom_right_border_color": "ffffffff",
    "bottom_right_border_style": "plain",
    "bottom_right_border_width": 0,
    "isForked": true,
    "shadow": {
      "br": 2,
      "color": "000000ff",
      "inner": false,
      "nm": 0,
      "x": 0,
      "y": 2
    },
    "text_shadow": {
      "br": 0,
      "color": "000000ff",
      "x": 0,
      "y": -1
    },
    "top_left_border_color": "ffffffff",
    "top_left_border_style": "plain",
    "top_left_border_width": 0,
    "top_right_border_color": "ffffffff",
    "top_right_border_style": "plain",
    "top_right_border_width": 0
  },
  "spawinphone8": {
    "background_color": {
      "angle": 0,
      "colors": [
        "d62c3aff",
        "bd1421ff",
        "dd878dff"
      ],
      "cs": [
        0,
        50,
        100
      ],
      "gt": "linear"
    },
    "background_style": "linear",
    "bg_type": "ms_gradient",
    "bottom_left_border_color": "ffffffff",
    "bottom_left_border_style": "plain",
    "bottom_left_border_width": 0,
    "bottom_right_border_color": "ffffffff",
    "bottom_right_border_style": "plain",
    "bottom_right_border_width": 0,
    "isForked": true,
    "shadow": {
      "br": 2,
      "color": "000000ff",
      "inner": false,
      "nm": 0,
      "x": 0,
      "y": 2
    },
    "text_shadow": {
      "br": 0,
      "color": "000000ff",
      "x": 0,
      "y": -1
    },
    "top_left_border_color": "ffffffff",
    "top_left_border_style": "plain",
    "top_left_border_width": 0,
    "top_right_border_color": "ffffffff",
    "top_right_border_style": "plain",
    "top_right_border_width": 0
  },
  "tabrcandroid": {
    "background_color": {
      "angle": 0,
      "colors": [
        "d62c3aff",
        "bd1421ff",
        "dd878dff"
      ],
      "cs": [
        0,
        50,
        100
      ],
      "gt": "linear"
    },
    "background_style": "linear",
    "bg_type": "ms_gradient",
    "isForked": true,
    "text_shadow": {
      "br": 0,
      "color": "000000ff",
      "x": 0,
      "y": -1
    }
  },
  "wType": "Button",
  "watchos": {
    "font_size": 100,
    "isForked": false
  },
  "windows8": {
    "background_color": {
      "angle": 0,
      "colors": [
        "d62c3aff",
        "bd1421ff",
        "dd878dff"
      ],
      "cs": [
        0,
        50,
        100
      ],
      "gt": "linear"
    },
    "background_style": "linear",
    "bg_type": "ms_gradient",
    "isForked": true
  },
  "winphone8": {
    "background_color": {
      "angle": 0,
      "colors": [
        "d62c3aff",
        "bd1421ff",
        "dd878dff"
      ],
      "cs": [
        0,
        50,
        100
      ],
      "gt": "linear"
    },
    "background_style": "linear",
    "bg_type": "ms_gradient",
    "isForked": true
  }
}