{
  "android": {
    "font_name": "ClanPro-News",
    "font_size": 114,
    "isForked": false
  },
  "background_color": "ffffff00",
  "bg_type": "one",
  "border_color": "424242ff",
  "border_style": "plain",
  "border_type": 0,
  "border_width": 0,
  "desktopweb": {
    "font_name": "Helvetica",
    "font_size": 114,
    "isForked": false
  },
  "fontSizeInPx": false,
  "font_color": "ffffffff",
  "font_name": "Helvetica",
  "font_size": 114,
  "font_style": "normal",
  "font_weight": "normal",
  "ipad": {
    "font_name": "Helvetica",
    "font_size": 114,
    "isForked": false
  },
  "iphone": {
    "font_name": "ClanPro-News",
    "font_size": 114,
    "isForked": false
  },
  "isDefaultSkin": false,
  "kiosk": {
    "font_name": "GenericMonospace",
    "font_size": 114,
    "isForked": false
  },
  "kuid": "s6bbb2db5e6142a5a51dc32486e3f440",
  "spaan": {
    "font_name": "Helvetica",
    "font_size": 114,
    "isForked": false
  },
  "spaandroidtablet": {
    "font_name": "Helvetica",
    "font_size": 114,
    "isForked": false
  },
  "spabb": {
    "font_name": "Helvetica",
    "font_size": 114,
    "isForked": false
  },
  "spaip": {
    "font_name": "Helvetica",
    "font_size": 114,
    "isForked": false
  },
  "spaipad": {
    "font_name": "Helvetica",
    "font_size": 114,
    "isForked": false
  },
  "spawindowstablet": {
    "font_name": "Helvetica",
    "font_size": 114,
    "isForked": false
  },
  "spawinphone8": {
    "font_name": "Helvetica",
    "font_size": 114,
    "isForked": false
  },
  "tabrcandroid": {
    "font_name": "Helvetica",
    "font_size": 114,
    "isForked": false
  },
  "wType": "Label",
  "watchos": {
    "font_name": "Helvetica",
    "font_size": 114,
    "isForked": false
  },
  "windows8": {
    "font_name": "GenericMonospace",
    "font_size": 114,
    "isForked": false
  },
  "winphone8": {
    "font_name": "GenericMonospace",
    "font_size": 114,
    "isForked": false
  }
}