{
  "android": {
    "font_size": 86,
    "isForked": false
  },
  "background_color": "ffffffff",
  "bg_type": "one",
  "border_color": "4545454c",
  "border_style": "plain",
  "border_type": 0,
  "border_width": 1,
  "desktopweb": {
    "font_size": 86,
    "isForked": false
  },
  "fontSizeInPx": false,
  "font_color": "5e5050ff",
  "font_name": "Helvetica",
  "font_size": 86,
  "font_style": "normal",
  "font_weight": "normal",
  "ipad": {
    "font_size": 86,
    "isForked": false
  },
  "iphone": {
    "font_name": "ClanPro-Book",
    "font_size": 86,
    "isForked": false
  },
  "isDefaultSkin": false,
  "kiosk": {
    "font_size": 86,
    "isForked": false
  },
  "kuid": "s536f083d97745dfa94a4fbfc887e136",
  "spaan": {
    "font_size": 86,
    "isForked": false
  },
  "spaandroidtablet": {
    "font_size": 86,
    "isForked": false
  },
  "spabb": {
    "font_size": 86,
    "isForked": false
  },
  "spaip": {
    "font_size": 86,
    "isForked": false
  },
  "spaipad": {
    "font_size": 86,
    "isForked": false
  },
  "spawindowstablet": {
    "font_size": 86,
    "isForked": false
  },
  "spawinphone8": {
    "font_size": 86,
    "isForked": false
  },
  "tabrcandroid": {
    "font_size": 86,
    "isForked": false
  },
  "wType": "TextArea",
  "watchos": {
    "font_size": 86,
    "isForked": false
  },
  "windows8": {
    "font_size": 86,
    "isForked": false
  },
  "winphone8": {
    "font_size": 86,
    "isForked": false
  }
}