{
  "android": {
    "font_name": "ClanPro-Book",
    "font_size": 89,
    "isForked": false
  },
  "background_color": "00000000",
  "bg_type": "one",
  "border_color": "424242ff",
  "border_style": "plain",
  "border_type": 0,
  "border_width": 0,
  "desktopweb": {
    "font_name": "Helvetica",
    "font_size": 89,
    "isForked": false
  },
  "fontSizeInPx": false,
  "font_color": "5e5050ff",
  "font_name": "Helvetica",
  "font_size": 89,
  "font_style": "normal",
  "font_weight": "normal",
  "ipad": {
    "font_name": "Helvetica",
    "font_size": 89,
    "isForked": false
  },
  "iphone": {
    "font_name": "ClanPro-Book",
    "font_size": 89,
    "isForked": false
  },
  "isDefaultSkin": false,
  "kiosk": {
    "font_name": "GenericMonospace",
    "font_size": 89,
    "isForked": false
  },
  "kuid": "sc0c3d8b2f7b49c1a09bd70afb54b921",
  "spaan": {
    "font_name": "Helvetica",
    "font_size": 89,
    "isForked": false
  },
  "spaandroidtablet": {
    "font_name": "Helvetica",
    "font_size": 89,
    "isForked": false
  },
  "spabb": {
    "font_name": "Helvetica",
    "font_size": 89,
    "isForked": false
  },
  "spaip": {
    "font_name": "Helvetica",
    "font_size": 89,
    "isForked": false
  },
  "spaipad": {
    "font_name": "Helvetica",
    "font_size": 89,
    "isForked": false
  },
  "spawindowstablet": {
    "font_name": "Helvetica",
    "font_size": 89,
    "isForked": false
  },
  "spawinphone8": {
    "font_name": "Helvetica",
    "font_size": 89,
    "isForked": false
  },
  "tabrcandroid": {
    "font_name": "Helvetica",
    "font_size": 89,
    "isForked": false
  },
  "wType": "Label",
  "watchos": {
    "font_name": "Helvetica",
    "font_size": 89,
    "isForked": false
  },
  "windows8": {
    "font_name": "GenericMonospace",
    "font_size": 89,
    "isForked": false
  },
  "winphone8": {
    "font_name": "GenericMonospace",
    "font_size": 89,
    "isForked": false
  }
}