{
  "android": {
    "background_right_color": "ffffff80",
    "bg_type": "one",
    "isForked": true,
    "thumb_color": "ffffff"
  },
  "background_left_color": "48d874ff",
  "background_right_color": "ffffff00",
  "bg_type": "one",
  "border_color": "000000ff",
  "border_style": "plain",
  "border_type": 0,
  "border_width": 0,
  "font_name": "Helvetica",
  "font_size": 156,
  "font_style": "normal",
  "font_weight": "normal",
  "ipad": {
    "thumb_color": "ffffff",
    "tint_color": "e8e8e8"
  },
  "iphone": {
    "thumb_color": "ffffff",
    "tint_color": "e8e8e8"
  },
  "isDefaultSkin": true,
  "kuid": "s7e476c8d2644923a0ef00b88f97b9c3",
  "left_font_color": "ffffffff",
  "right_font_color": "ffffffff",
  "tabrcandroid": {
    "background_right_color": "ffffff80",
    "bg_type": "one",
    "isForked": true,
    "thumb_color": "ffffff"
  },
  "wType": "Switch",
  "watchos": {
    "isForked": true
  }
}