{
    "DNDConfig": null,
    "_height_": {
        "type": "string",
        "value": "125dp"
    },
    "_margin_": [
        0,
        0,
        0,
        0
    ],
    "_orientation_": 6,
    "_padding_": [
        0,
        0,
        0,
        0
    ],
    "_percent_": true,
    "_skin_": "s8e7f8b82787498c81211da82943388f",
    "allboxes": [],
    "autogrowmode": 0,
    "canUpdateUI": true,
    "children": [
        "flxMain"
    ],
    "clipbounds": true,
    "containerId": true,
    "containerweight": 100,
    "enablescrolling": true,
    "id": "FlexContainer0266fa20c665144",
    "info": null,
    "isTemplate": true,
    "isvisible": true,
    "kuid": "ad4ac391950141e0bb106b47c29e947d",
    "layouttype": 2,
    "name": "kony.ui.FlexContainer",
    "parent": "tmpCardContractor",
    "pf": "tmpCardContractor",
    "snapgridsize": 10,
    "snaptogrid": true,
    "wType": "FlexContainer",
    "widgetalignment": 1
}