{
    "DNDConfig": null,
    "__parentReadjusting__": false,
    "_height_": {
        "type": "string",
        "value": "30%"
    },
    "_left_": {
        "type": "string",
        "value": "34%"
    },
    "_margin_": [
        0,
        0,
        0,
        0
    ],
    "_orientation_": 6,
    "_padding_": [
        0,
        0,
        0,
        0
    ],
    "_percent_": true,
    "_skin_": "s8e7f8b82787498c81211da82943388f",
    "_top_": {
        "type": "string",
        "value": "56%"
    },
    "_width_": {
        "type": "string",
        "value": "60.05%"
    },
    "allboxes": [],
    "autogrowmode": 0,
    "canUpdateUI": true,
    "children": [
        "Image09d4297c0dd464f",
        "CopyImage0190495ce5bc748",
        "CopyImage02aeda0506e3b4b",
        "CopyImage0e183017d17f642",
        "CopyImage0113dd71922bd4b"
    ],
    "clipbounds": true,
    "containerId": true,
    "containerweight": 100,
    "enablescrolling": true,
    "id": "FlexContainer0758cc1a9369245",
    "info": null,
    "isvisible": true,
    "kuid": "46a549b43f1a43f3ac3c9768783de4b7",
    "layouttype": 3,
    "name": "kony.ui.FlexContainer",
    "parent": "flxMain",
    "pf": "tmpCardContractor",
    "snapgridsize": 10,
    "snaptogrid": true,
    "wType": "FlexContainer",
    "widgetalignment": 1,
    "zindex": 1
}