{
    "DNDConfig": null,
    "__parentReadjusting__": false,
    "_height_": {
        "type": "string",
        "value": "120dp"
    },
    "_left_": {
        "type": "string",
        "value": "0"
    },
    "_margin_": [
        0,
        0,
        0,
        0
    ],
    "_orientation_": 6,
    "_padding_": [
        0,
        0,
        0,
        0
    ],
    "_percent_": true,
    "_skin_": "sef32aeaeb494032815190f984b507d7",
    "_top_": {
        "type": "string",
        "value": "0"
    },
    "_width_": {
        "type": "string",
        "value": "97%"
    },
    "allboxes": [],
    "autogrowmode": 0,
    "canUpdateUI": true,
    "centerx": {
        "type": "string",
        "value": "50%"
    },
    "centery": {
        "type": "string",
        "value": "50%"
    },
    "children": [
        "FlexContainer088bbdb12387547",
        "Label06dfb540e869848",
        "CopyLabel02e8109dc084d44",
        "Label0fde795e17a674d",
        "FlexContainer0758cc1a9369245"
    ],
    "clipbounds": true,
    "containerId": true,
    "containerweight": 100,
    "enablescrolling": true,
    "id": "flxMain",
    "info": null,
    "isTemplate": true,
    "isvisible": true,
    "kuid": "5716f4e2096346da9aa6ca255ccea81b",
    "layouttype": 2,
    "name": "kony.ui.FlexContainer",
    "parent": "FlexContainer0266fa20c665144",
    "pf": "tmpCardContractor",
    "snapgridsize": 10,
    "snaptogrid": true,
    "wType": "FlexContainer",
    "widgetalignment": 1
}