{
    "DNDConfig": null,
    "_height_": {
        "type": "string",
        "value": "10%"
    },
    "_margin_": [
        0,
        0,
        0,
        0
    ],
    "_orientation_": 6,
    "_padding_": [
        0,
        0,
        0,
        0
    ],
    "_percent_": true,
    "_skin_": "sd2956369e5a4a08bb870f01f98837b0",
    "allboxes": [],
    "autogrowmode": 0,
    "canUpdateUI": true,
    "children": [
        "lblTitle",
        "Image002b194aaed1144"
    ],
    "clipbounds": true,
    "containerId": true,
    "containerweight": 100,
    "enablescrolling": true,
    "id": "FlexContainer0af4ba12e07cb44",
    "info": null,
    "isvisible": true,
    "kuid": "b1a1f50303ba478c87d17fe18ce7985e",
    "layouttype": 2,
    "name": "kony.ui.FlexContainer",
    "parent": "tmpHeader",
    "pf": "tmpHeader",
    "snapgridsize": 10,
    "snaptogrid": true,
    "wType": "FlexContainer",
    "widgetalignment": 1
}