{
    "@class": "com.kony.gen.viz.model.component.KVizImage2",
    "DNDConfig": null,
    "__parentReadjusting__": false,
    "_base64_": null,
    "_height_": {
        "type": "string",
        "value": "110%"
    },
    "_margin_": [
        0,
        0,
        0,
        0
    ],
    "_padding_": [
        0,
        0,
        0,
        0
    ],
    "_right_": {
        "type": "string",
        "value": "5%"
    },
    "_skin_": "s94bc51cc5b947d296c8c04e05ad11c4",
    "_src_": "logout.png",
    "_width_": {
        "type": "string",
        "value": "10%"
    },
    "canUpdateUI": true,
    "centery": {
        "type": "string",
        "value": "50%"
    },
    "containerId": true,
    "containerweight": 100,
    "context": {
        "channel": "mobile",
        "platform": "iphone",
        "templateType": "headers",
        "topLevelBox": null
    },
    "id": "Image002b194aaed1144",
    "imagescalemode": 1,
    "info": null,
    "invokedProperty": "src",
    "isvisible": true,
    "kuid": "bfeb18d01d95477b97146fd9706cd4e6",
    "name": "kony.ui.Image2",
    "parent": "FlexContainer0af4ba12e07cb44",
    "pf": "tmpHeader",
    "srcType": 1,
    "wType": "Image",
    "widgetalignment": 5,
    "zindex": 1
}