{
    "@class": "com.kony.gen.viz.model.component.KVizButton",
    "DNDConfig": null,
    "__parentReadjusting__": false,
    "_height_": {
        "type": "string",
        "value": "50dp"
    },
    "_left_": {
        "type": "string",
        "value": "85dp"
    },
    "_margin_": [
        6,
        6,
        6,
        6
    ],
    "_padding_": [
        0,
        0,
        0,
        0
    ],
    "_skin_": "s2ded654f3274428ac08c5514e8e940e",
    "_text_": "Login",
    "_top_": {
        "type": "string",
        "value": "7%"
    },
    "_width_": {
        "type": "string",
        "value": "260dp"
    },
    "canUpdateUI": true,
    "centerx": {
        "type": "string",
        "value": "50%"
    },
    "containerweight": 100,
    "contentalignment": 5,
    "displaytext": true,
    "focusskin": "s5c460bc4270484d99c95c3f3d9ff68c",
    "id": "btnLogin",
    "ide_onClick": "AS_Button_43ad23f6973742e88aeb3f43d3c24750",
    "info": null,
    "isvisible": true,
    "kuid": "325c195e8aa541b1b8c23c7370b3a1ad",
    "name": "kony.ui.Button",
    "parent": "flxOuter",
    "pf": "frmLogin",
    "wType": "Button",
    "zindex": 1
}