{
    "DNDConfig": null,
    "__parentReadjusting__": false,
    "_height_": {
        "type": "string",
        "value": "2px"
    },
    "_left_": {
        "type": "string",
        "value": "166dp"
    },
    "_margin_": [
        0,
        0,
        0,
        0
    ],
    "_orientation_": 6,
    "_padding_": [
        0,
        0,
        0,
        0
    ],
    "_percent_": true,
    "_skin_": "s31c1ae9ab6f4888b7c43dc08d59fbbb",
    "_top_": {
        "type": "string",
        "value": "2dp"
    },
    "_width_": {
        "type": "string",
        "value": "75%"
    },
    "allboxes": [],
    "autogrowmode": 0,
    "canUpdateUI": true,
    "centerx": {
        "type": "string",
        "value": "50%"
    },
    "children": [],
    "clipbounds": true,
    "containerweight": 100,
    "enablescrolling": true,
    "id": "flxline1",
    "info": null,
    "isvisible": true,
    "kuid": "f137cf417b16451cac9d20a02038909a",
    "layouttype": 2,
    "name": "kony.ui.FlexContainer",
    "parent": "flxOuter",
    "pf": "frmLogin",
    "snapgridsize": 10,
    "snaptogrid": true,
    "wType": "FlexContainer",
    "widgetalignment": 1,
    "zindex": 1
}