{
    "@class": "com.kony.gen.viz.model.component.KVizTextBox2",
    "DNDConfig": null,
    "__parentReadjusting__": false,
    "_height_": {
        "type": "string",
        "value": "5.20%"
    },
    "_margin_": [
        0,
        0,
        0,
        0
    ],
    "_padding_": [
        3,
        0,
        0,
        0
    ],
    "_placeholder_": "Password",
    "_skin_": "s921d8ff64ff4a7d83626bb944fc1ecc",
    "_text_": "",
    "_top_": {
        "type": "string",
        "value": "3%"
    },
    "_width_": {
        "type": "string",
        "value": "75%"
    },
    "autocapitalize": "none",
    "autocomplete": false,
    "autocorrect": false,
    "autofilter": false,
    "canUpdateUI": true,
    "centerx": {
        "type": "string",
        "value": "50%"
    },
    "containerheight": "",
    "containerheightmode": 1,
    "containerweight": 100,
    "contentalignment": 4,
    "focusskin": "s921d8ff64ff4a7d83626bb944fc1ecc",
    "id": "tbxPassword",
    "info": null,
    "iphone": {},
    "isvisible": true,
    "keyboardtype": "A",
    "kuid": "6e6f40dbff3a49eeb0d6be232bbb3bec",
    "mode": "A",
    "name": "kony.ui.TextBox2",
    "parent": "flxOuter",
    "pf": "frmLogin",
    "placeholderskin": "s7424874cb1b42f88569efe17f497553",
    "securetextentry": true,
    "textinputmode": "A",
    "viewtype": "default",
    "wType": "TextField"
}