{
    "@class": "com.kony.gen.viz.model.component.KVizImage2",
    "DNDConfig": null,
    "__parentReadjusting__": false,
    "_base64_": null,
    "_height_": {
        "type": "string",
        "value": "90%"
    },
    "_left_": {
        "type": "string",
        "value": "3%"
    },
    "_margin_": [
        0,
        0,
        0,
        0
    ],
    "_padding_": [
        0,
        0,
        0,
        0
    ],
    "_skin_": "s94bc51cc5b947d296c8c04e05ad11c4",
    "_src_": "menuwhite.png",
    "_top_": {
        "type": "string",
        "value": "8dp"
    },
    "_width_": {
        "type": "string",
        "value": "12%"
    },
    "canUpdateUI": true,
    "centery": {
        "type": "string",
        "value": "50%"
    },
    "containerweight": 100,
    "context": {
        "channel": "mobile",
        "formID": "frmTripList",
        "platform": "iphone",
        "templateType": "forms",
        "topLevelBox": null
    },
    "id": "CopyImage0005bde45b0f54c",
    "ide_onTouchEnd": "AS_Image_ddef13c5da914445bf14544f8789b59a",
    "imagescalemode": 1,
    "info": null,
    "invokedProperty": "src",
    "isvisible": true,
    "kuid": "31ad56795ca2426d90e29b0e5778d847",
    "name": "kony.ui.Image2",
    "parent": "CopyFlexContainer09aa48a1d28104e",
    "pf": "frmTripList",
    "srcType": 1,
    "wType": "Image",
    "widgetalignment": 5,
    "zindex": 1
}