{
    "@class": "com.kony.gen.viz.model.container.KVizSegment2",
    "DNDConfig": null,
    "__parentReadjusting__": false,
    "_data_": [
        [
            {
                "Button0a343b7d7f58742": {},
                "CopylblFromValue0cfcbd4dda2244e": {},
                "CopylblQuality0237aac80b76646": {},
                "FlexContainer01ddd6bbb88364b": {},
                "FlexContainer0b52f60c4cc6949": {},
                "Label05d038c6e204a48": {
                    "@class": "com.viz.ide.model.segment.SimpleTextSegmentData",
                    "text": "Today"
                },
                "lblDateValue": {},
                "lblFrom": {},
                "lblFromValue": {},
                "lblQualityValue": {},
                "lblTo": {},
                "lblToValue": {}
            },
            [
                {
                    "Button0a343b7d7f58742": {
                        "@class": "com.viz.ide.model.segment.SimpleTextSegmentData",
                        "text": "Contribute"
                    },
                    "CopylblFromValue0cfcbd4dda2244e": {
                        "@class": "com.viz.ide.model.segment.SimpleTextSegmentData",
                        "text": "47"
                    },
                    "CopylblQuality0237aac80b76646": {
                        "@class": "com.viz.ide.model.segment.SimpleTextSegmentData",
                        "text": "#Bumps: "
                    },
                    "lblDateValue": {
                        "@class": "com.viz.ide.model.segment.SimpleTextSegmentData",
                        "text": "28 May,2016"
                    },
                    "lblFrom": {
                        "@class": "com.viz.ide.model.segment.SimpleTextSegmentData",
                        "text": "From: "
                    },
                    "lblFromValue": {
                        "@class": "com.viz.ide.model.segment.SimpleTextSegmentData",
                        "text": "Lakdi ka Pool"
                    },
                    "lblQualityValue": {
                        "@class": "com.viz.ide.model.segment.SimpleTextSegmentData",
                        "text": "3/10"
                    },
                    "lblTo": {
                        "@class": "com.viz.ide.model.segment.SimpleTextSegmentData",
                        "text": "To: "
                    },
                    "lblToValue": {
                        "@class": "com.viz.ide.model.segment.SimpleTextSegmentData",
                        "text": "Ameerpet"
                    }
                },
                {
                    "Button0a343b7d7f58742": {
                        "@class": "com.viz.ide.model.segment.SimpleTextSegmentData",
                        "text": "Contribute"
                    },
                    "CopylblFromValue0cfcbd4dda2244e": {
                        "@class": "com.viz.ide.model.segment.SimpleTextSegmentData",
                        "text": "29"
                    },
                    "CopylblQuality0237aac80b76646": {
                        "@class": "com.viz.ide.model.segment.SimpleTextSegmentData",
                        "text": "#Bumps: "
                    },
                    "lblDateValue": {
                        "@class": "com.viz.ide.model.segment.SimpleTextSegmentData",
                        "text": "28 May,2016"
                    },
                    "lblFrom": {
                        "@class": "com.viz.ide.model.segment.SimpleTextSegmentData",
                        "text": "From: "
                    },
                    "lblFromValue": {
                        "@class": "com.viz.ide.model.segment.SimpleTextSegmentData",
                        "text": "Panjagutta"
                    },
                    "lblQualityValue": {
                        "@class": "com.viz.ide.model.segment.SimpleTextSegmentData",
                        "text": "5/10"
                    },
                    "lblTo": {
                        "@class": "com.viz.ide.model.segment.SimpleTextSegmentData",
                        "text": "To: "
                    },
                    "lblToValue": {
                        "@class": "com.viz.ide.model.segment.SimpleTextSegmentData",
                        "text": "Hi-Tech City"
                    }
                }
            ]
        ],
        [
            {
                "Button0a343b7d7f58742": {},
                "CopylblFromValue0cfcbd4dda2244e": {},
                "CopylblQuality0237aac80b76646": {},
                "FlexContainer01ddd6bbb88364b": {},
                "FlexContainer0b52f60c4cc6949": {},
                "Label05d038c6e204a48": {
                    "@class": "com.viz.ide.model.segment.SimpleTextSegmentData",
                    "text": "This Week"
                },
                "lblDateValue": {},
                "lblFrom": {},
                "lblFromValue": {},
                "lblQualityValue": {},
                "lblTo": {},
                "lblToValue": {}
            },
            [
                {
                    "Button0a343b7d7f58742": {
                        "@class": "com.viz.ide.model.segment.SimpleTextSegmentData",
                        "text": "Contribute"
                    },
                    "CopylblFromValue0cfcbd4dda2244e": {
                        "@class": "com.viz.ide.model.segment.SimpleTextSegmentData",
                        "text": "37"
                    },
                    "CopylblQuality0237aac80b76646": {
                        "@class": "com.viz.ide.model.segment.SimpleTextSegmentData",
                        "text": "#Bumps: "
                    },
                    "lblDateValue": {
                        "@class": "com.viz.ide.model.segment.SimpleTextSegmentData",
                        "text": "27 May,2016"
                    },
                    "lblFrom": {
                        "@class": "com.viz.ide.model.segment.SimpleTextSegmentData",
                        "text": "From: "
                    },
                    "lblFromValue": {
                        "@class": "com.viz.ide.model.segment.SimpleTextSegmentData",
                        "text": "Kukatpally"
                    },
                    "lblQualityValue": {
                        "@class": "com.viz.ide.model.segment.SimpleTextSegmentData",
                        "text": "4/10"
                    },
                    "lblTo": {
                        "@class": "com.viz.ide.model.segment.SimpleTextSegmentData",
                        "text": "To: "
                    },
                    "lblToValue": {
                        "@class": "com.viz.ide.model.segment.SimpleTextSegmentData",
                        "text": "Ameerpet"
                    }
                },
                {
                    "Button0a343b7d7f58742": {
                        "@class": "com.viz.ide.model.segment.SimpleTextSegmentData",
                        "text": "Contribute"
                    },
                    "CopylblFromValue0cfcbd4dda2244e": {
                        "@class": "com.viz.ide.model.segment.SimpleTextSegmentData",
                        "text": "23"
                    },
                    "CopylblQuality0237aac80b76646": {
                        "@class": "com.viz.ide.model.segment.SimpleTextSegmentData",
                        "text": "#Bumps: "
                    },
                    "lblDateValue": {
                        "@class": "com.viz.ide.model.segment.SimpleTextSegmentData",
                        "text": "27 May,2016"
                    },
                    "lblFrom": {
                        "@class": "com.viz.ide.model.segment.SimpleTextSegmentData",
                        "text": "From: "
                    },
                    "lblFromValue": {
                        "@class": "com.viz.ide.model.segment.SimpleTextSegmentData",
                        "text": "Miyapur"
                    },
                    "lblQualityValue": {
                        "@class": "com.viz.ide.model.segment.SimpleTextSegmentData",
                        "text": "6/10"
                    },
                    "lblTo": {
                        "@class": "com.viz.ide.model.segment.SimpleTextSegmentData",
                        "text": "To: "
                    },
                    "lblToValue": {
                        "@class": "com.viz.ide.model.segment.SimpleTextSegmentData",
                        "text": "Nizampet"
                    }
                },
                {
                    "Button0a343b7d7f58742": {
                        "@class": "com.viz.ide.model.segment.SimpleTextSegmentData",
                        "text": "Contribute"
                    },
                    "CopylblFromValue0cfcbd4dda2244e": {
                        "@class": "com.viz.ide.model.segment.SimpleTextSegmentData",
                        "text": "16"
                    },
                    "CopylblQuality0237aac80b76646": {
                        "@class": "com.viz.ide.model.segment.SimpleTextSegmentData",
                        "text": "#Bumps: "
                    },
                    "lblDateValue": {
                        "@class": "com.viz.ide.model.segment.SimpleTextSegmentData",
                        "text": "27 May,2016"
                    },
                    "lblFrom": {
                        "@class": "com.viz.ide.model.segment.SimpleTextSegmentData",
                        "text": "From: "
                    },
                    "lblFromValue": {
                        "@class": "com.viz.ide.model.segment.SimpleTextSegmentData",
                        "text": "Patny Center"
                    },
                    "lblQualityValue": {
                        "@class": "com.viz.ide.model.segment.SimpleTextSegmentData",
                        "text": "7/10"
                    },
                    "lblTo": {
                        "@class": "com.viz.ide.model.segment.SimpleTextSegmentData",
                        "text": "To: "
                    },
                    "lblToValue": {
                        "@class": "com.viz.ide.model.segment.SimpleTextSegmentData",
                        "text": "Madapur"
                    }
                }
            ]
        ],
        [
            {
                "Button0a343b7d7f58742": {},
                "CopylblFromValue0cfcbd4dda2244e": {},
                "CopylblQuality0237aac80b76646": {},
                "FlexContainer01ddd6bbb88364b": {},
                "FlexContainer0b52f60c4cc6949": {},
                "Label05d038c6e204a48": {
                    "@class": "com.viz.ide.model.segment.SimpleTextSegmentData",
                    "text": "This Month"
                },
                "lblDateValue": {},
                "lblFrom": {},
                "lblFromValue": {},
                "lblQualityValue": {},
                "lblTo": {},
                "lblToValue": {}
            },
            [
                {
                    "Button0a343b7d7f58742": {
                        "@class": "com.viz.ide.model.segment.SimpleTextSegmentData",
                        "text": "Contribute"
                    },
                    "CopylblFromValue0cfcbd4dda2244e": {
                        "@class": "com.viz.ide.model.segment.SimpleTextSegmentData",
                        "text": "23"
                    },
                    "CopylblQuality0237aac80b76646": {
                        "@class": "com.viz.ide.model.segment.SimpleTextSegmentData",
                        "text": "#Bumps"
                    },
                    "lblDateValue": {
                        "@class": "com.viz.ide.model.segment.SimpleTextSegmentData",
                        "text": "22nd May,2016"
                    },
                    "lblFrom": {
                        "@class": "com.viz.ide.model.segment.SimpleTextSegmentData",
                        "text": "From:"
                    },
                    "lblFromValue": {
                        "@class": "com.viz.ide.model.segment.SimpleTextSegmentData",
                        "text": "Lakdi ka pool"
                    },
                    "lblQualityValue": {
                        "@class": "com.viz.ide.model.segment.SimpleTextSegmentData",
                        "text": "6/10"
                    },
                    "lblTo": {
                        "@class": "com.viz.ide.model.segment.SimpleTextSegmentData",
                        "text": "To:"
                    },
                    "lblToValue": {
                        "@class": "com.viz.ide.model.segment.SimpleTextSegmentData",
                        "text": "Ameerpet"
                    }
                },
                {
                    "Button0a343b7d7f58742": {
                        "@class": "com.viz.ide.model.segment.SimpleTextSegmentData",
                        "text": "Contribute"
                    },
                    "CopylblFromValue0cfcbd4dda2244e": {
                        "@class": "com.viz.ide.model.segment.SimpleTextSegmentData",
                        "text": "45"
                    },
                    "CopylblQuality0237aac80b76646": {
                        "@class": "com.viz.ide.model.segment.SimpleTextSegmentData",
                        "text": "#Bumps"
                    },
                    "lblDateValue": {
                        "@class": "com.viz.ide.model.segment.SimpleTextSegmentData",
                        "text": "22nd May,2016"
                    },
                    "lblFrom": {
                        "@class": "com.viz.ide.model.segment.SimpleTextSegmentData",
                        "text": "From:"
                    },
                    "lblFromValue": {
                        "@class": "com.viz.ide.model.segment.SimpleTextSegmentData",
                        "text": "Lakdi ka pool"
                    },
                    "lblQualityValue": {
                        "@class": "com.viz.ide.model.segment.SimpleTextSegmentData",
                        "text": "3/10"
                    },
                    "lblTo": {
                        "@class": "com.viz.ide.model.segment.SimpleTextSegmentData",
                        "text": "To:"
                    },
                    "lblToValue": {
                        "@class": "com.viz.ide.model.segment.SimpleTextSegmentData",
                        "text": "Ameerpet"
                    }
                },
                {
                    "Button0a343b7d7f58742": {
                        "@class": "com.viz.ide.model.segment.SimpleTextSegmentData",
                        "text": "Contribute"
                    },
                    "CopylblFromValue0cfcbd4dda2244e": {
                        "@class": "com.viz.ide.model.segment.SimpleTextSegmentData",
                        "text": "9"
                    },
                    "CopylblQuality0237aac80b76646": {
                        "@class": "com.viz.ide.model.segment.SimpleTextSegmentData",
                        "text": "#Bumps"
                    },
                    "lblDateValue": {
                        "@class": "com.viz.ide.model.segment.SimpleTextSegmentData",
                        "text": "22nd May,2016"
                    },
                    "lblFrom": {
                        "@class": "com.viz.ide.model.segment.SimpleTextSegmentData",
                        "text": "From:"
                    },
                    "lblFromValue": {
                        "@class": "com.viz.ide.model.segment.SimpleTextSegmentData",
                        "text": "Lakdi ka pool"
                    },
                    "lblQualityValue": {
                        "@class": "com.viz.ide.model.segment.SimpleTextSegmentData",
                        "text": "8/10"
                    },
                    "lblTo": {
                        "@class": "com.viz.ide.model.segment.SimpleTextSegmentData",
                        "text": "To:"
                    },
                    "lblToValue": {
                        "@class": "com.viz.ide.model.segment.SimpleTextSegmentData",
                        "text": "Ameerpet"
                    }
                }
            ]
        ]
    ],
    "_height_": {
        "type": "string",
        "value": "100%"
    },
    "_indicator_": "none",
    "_left_": {
        "type": "string",
        "value": "0dp"
    },
    "_margin_": [
        0,
        0,
        0,
        0
    ],
    "_orientation_": 2,
    "_padding_": [
        0,
        0,
        0,
        0
    ],
    "_top_": {
        "type": "string",
        "value": "0dp"
    },
    "_width_": {
        "type": "string",
        "value": "100%"
    },
    "autogrowmode": 0,
    "canUpdateUI": true,
    "containerweight": 100,
    "counter": "22",
    "focusedindex": null,
    "focuseditem": null,
    "groupcells": false,
    "hasSections": true,
    "id": "CopySegment0096de478f8454a",
    "info": null,
    "ipad": {
        "psp": {
            "indicator": "rowselect"
        }
    },
    "iphone": {
        "psp": {
            "indicator": "none"
        }
    },
    "isvisible": true,
    "kuid": "12e60ef8b4a14f1385f4f9237388bd4c",
    "masterdata": {},
    "name": "kony.ui.SegmentedUI2",
    "needpageindicator": true,
    "pageoffdotimage": "pageOffDot.png",
    "pageondotimage": "pageOnDot.png",
    "paginationconfig": {
        "position": "bottom"
    },
    "parent": "flxBody",
    "pf": "frmTripList",
    "retainselection": false,
    "rowTemplateId": "7a0438f3d59640049b70040f6715feed",
    "rowcounter": 2,
    "rowfocusskin": "sfd728bc3eed427cb2dd30b05a23706f",
    "rowskin": "s6b3dbc9a8284fd796af2cce2934eb65",
    "rowtemplate": "FlexContainer0b52f60c4cc6949",
    "screenlevelwidget": false,
    "seccounter": 2,
    "sectionHeaderTemplateId": "de250cfe915641fb8fa1274213da3e91",
    "sectionheaderskin": "sd7c192fe3ac40d4a4b945509f37b2de",
    "sectionheadertemplate": "FlexContainer01ddd6bbb88364b",
    "selectedRows": null,
    "selectedState": false,
    "selectedindex": null,
    "selectedindices": null,
    "selecteditems": null,
    "selectedsectionindex": 0,
    "selectionbehavior": "default",
    "separatorcolor": "64646432",
    "separatorrequired": true,
    "separatorthickness": 1,
    "showscrollbars": false,
    "viewtype": "tableview",
    "wType": "Segment",
    "widgetalignment": 5,
    "widgetdatamap": {
        "Button0a343b7d7f58742": "Button0a343b7d7f58742",
        "CopylblFromValue0cfcbd4dda2244e": "CopylblFromValue0cfcbd4dda2244e",
        "CopylblQuality0237aac80b76646": "CopylblQuality0237aac80b76646",
        "FlexContainer01ddd6bbb88364b": "FlexContainer01ddd6bbb88364b",
        "FlexContainer0b52f60c4cc6949": "FlexContainer0b52f60c4cc6949",
        "Label05d038c6e204a48": "Label05d038c6e204a48",
        "lblDateValue": "lblDateValue",
        "lblFrom": "lblFrom",
        "lblFromValue": "lblFromValue",
        "lblQualityValue": "lblQualityValue",
        "lblTo": "lblTo",
        "lblToValue": "lblToValue"
    }
}