{
    "DNDConfig": null,
    "__parentReadjusting__": false,
    "_height_": {
        "type": "string",
        "value": "8%"
    },
    "_left_": {
        "type": "string",
        "value": "0"
    },
    "_margin_": [
        0,
        0,
        0,
        0
    ],
    "_orientation_": 6,
    "_padding_": [
        0,
        0,
        0,
        0
    ],
    "_percent_": true,
    "_skin_": "sd2956369e5a4a08bb870f01f98837b0",
    "_top_": {
        "type": "string",
        "value": "0"
    },
    "_width_": {
        "type": "string",
        "value": "100%"
    },
    "allboxes": [],
    "autogrowmode": 0,
    "canUpdateUI": true,
    "children": [
        "CopylblTitle0110bff5cb1ed46",
        "CopyImage0005bde45b0f54c"
    ],
    "clipbounds": true,
    "containerweight": 100,
    "enablescrolling": true,
    "id": "CopyFlexContainer09aa48a1d28104e",
    "info": null,
    "isvisible": true,
    "kuid": "d3e7c092d7904a7d817e436f500de87f",
    "layouttype": 2,
    "name": "kony.ui.FlexContainer",
    "parent": "flxOuter",
    "pf": "frmTripList",
    "snapgridsize": 10,
    "snaptogrid": true,
    "wType": "FlexContainer",
    "widgetalignment": 1
}