{
    "DNDConfig": null,
    "__parentReadjusting__": false,
    "_height_": {
        "type": "string",
        "value": "25%"
    },
    "_left_": {
        "type": "string",
        "value": "29dp"
    },
    "_margin_": [
        0,
        0,
        0,
        0
    ],
    "_orientation_": 6,
    "_padding_": [
        0,
        0,
        0,
        0
    ],
    "_percent_": true,
    "_skin_": "se021d5a8aca4c4ea7d383a3fbaec93e",
    "_top_": {
        "type": "string",
        "value": "174dp"
    },
    "_width_": {
        "type": "string",
        "value": "80%"
    },
    "allboxes": [],
    "autogrowmode": 0,
    "canUpdateUI": true,
    "centerx": {
        "type": "string",
        "value": "50%"
    },
    "centery": {
        "type": "string",
        "value": "50%"
    },
    "children": [
        "CopyflxLine04775a4f60e7f4c",
        "Label03edfae75a9e748",
        "CopyflxLine089abc477fc1a4f",
        "CopyLabel00903574e4d8743",
        "CopyflxLine0f3a153fed1b246"
    ],
    "clipbounds": true,
    "containerweight": 100,
    "enablescrolling": true,
    "id": "FlexContainer0d31798c7254c4e",
    "info": null,
    "isvisible": true,
    "kuid": "ddad7d9c89844dafa5e8e0e2362bd94d",
    "layouttype": 4,
    "name": "kony.ui.FlexContainer",
    "parent": "FlexContainer004ef44a0986e43",
    "pf": "frmTripList",
    "snapgridsize": 10,
    "snaptogrid": true,
    "wType": "FlexContainer",
    "widgetalignment": 1
}