{
    "@class": "com.kony.gen.viz.model.component.KVizLabel",
    "DNDConfig": null,
    "__parentReadjusting__": false,
    "_height_": {
        "type": "string",
        "value": "30%"
    },
    "_margin_": [
        1,
        1,
        1,
        1
    ],
    "_padding_": [
        37,
        0,
        0,
        0
    ],
    "_skin_": "sd1197ef07ac4b879b43799686a6b3b7",
    "_text_": "Money",
    "_top_": {
        "type": "string",
        "value": "0%"
    },
    "_width_": {
        "type": "string",
        "value": "100%"
    },
    "_wrapping_": 2,
    "android": {
        "textStyle": {
            "letterSpacing": 0,
            "strikeThrough": false
        }
    },
    "canUpdateUI": true,
    "centerx": {
        "type": "string",
        "value": "50%"
    },
    "containerweight": 100,
    "contentalignment": 4,
    "id": "Label03edfae75a9e748",
    "info": null,
    "ipad": {
        "psp": {
            "wrapping": 2
        }
    },
    "iphone": {
        "psp": {
            "wrapping": 2
        }
    },
    "isvisible": true,
    "kuid": "89dad23141084641bba98675a6c9859f",
    "name": "kony.ui.Label",
    "paddinginpixel": false,
    "parent": "FlexContainer0d31798c7254c4e",
    "pf": "frmTripList",
    "tooltip": "",
    "wType": "Label"
}