{
    "@class": "com.kony.gen.viz.model.component.KVizButton",
    "DNDConfig": null,
    "__parentReadjusting__": false,
    "_height_": {
        "type": "string",
        "value": "15%"
    },
    "_left_": {
        "type": "string",
        "value": "5%"
    },
    "_margin_": [
        6,
        6,
        6,
        6
    ],
    "_padding_": [
        0,
        0,
        0,
        0
    ],
    "_skin_": "sff8a080ee994792a048c9529316cd1b",
    "_text_": "Submit",
    "_top_": {
        "type": "string",
        "value": "75%"
    },
    "_width_": {
        "type": "string",
        "value": "80%"
    },
    "canUpdateUI": true,
    "centerx": {
        "type": "string",
        "value": "50.00%"
    },
    "containerweight": 100,
    "contentalignment": 5,
    "displaytext": true,
    "focusskin": "sae4ff63142c46118bb0477aaef322e1",
    "id": "btnStartTrip",
    "ide_onClick": "AS_Button_065a51e2881a4a539f0ad8e1a85b732b",
    "info": null,
    "isvisible": true,
    "kuid": "0259b7d8f63e4fedb408f6e077956136",
    "name": "kony.ui.Button",
    "parent": "FlexContainer0ab97717f1fb641",
    "pf": "frmIssue",
    "wType": "Button"
}