{
    "@class": "com.kony.gen.viz.model.component.KVizImage2",
    "DNDConfig": null,
    "__parentReadjusting__": false,
    "_base64_": null,
    "_height_": {
        "type": "string",
        "value": "40%"
    },
    "_left_": {
        "type": "string",
        "value": "5dp"
    },
    "_margin_": [
        0,
        0,
        0,
        0
    ],
    "_padding_": [
        0,
        0,
        0,
        0
    ],
    "_skin_": "s94bc51cc5b947d296c8c04e05ad11c4",
    "_src_": "tree.png",
    "_top_": {
        "type": "string",
        "value": "10%"
    },
    "_width_": {
        "type": "string",
        "value": "90%"
    },
    "canUpdateUI": true,
    "centerx": {
        "type": "string",
        "value": "50%"
    },
    "containerweight": 100,
    "context": {
        "channel": "mobile",
        "formID": "frmIssue",
        "platform": "android",
        "templateType": "forms",
        "topLevelBox": null
    },
    "id": "ImgCaptured",
    "imagescalemode": 0,
    "info": null,
    "invokedProperty": "src",
    "isvisible": true,
    "kuid": "76f3e1d65e964f77a1a798393fa502b4",
    "name": "kony.ui.Image2",
    "parent": "FlexContainer048950eb44d0e40",
    "pf": "frmIssue",
    "srcType": 1,
    "wType": "Image",
    "widgetalignment": 5
}