{
    "DNDConfig": null,
    "_height_": {
        "type": "string",
        "value": "85dp"
    },
    "_margin_": [
        0,
        0,
        0,
        0
    ],
    "_orientation_": 6,
    "_padding_": [
        0,
        0,
        0,
        0
    ],
    "_percent_": true,
    "_skin_": "s61fe05617824bd9b8ffb09799d98e04",
    "allboxes": [],
    "autogrowmode": 0,
    "canUpdateUI": true,
    "children": [
        "lblDateValue",
        "lblTo",
        "lblFromValue",
        "lblTitle"
    ],
    "clipbounds": true,
    "containerId": true,
    "containerweight": 100,
    "enablescrolling": true,
    "id": "flxSegOuter",
    "info": null,
    "isTemplate": true,
    "isvisible": true,
    "kuid": "cf3bb21b9b2049229bba79d1567c5c7b",
    "layouttype": 2,
    "name": "kony.ui.FlexContainer",
    "parent": "tmpSegIssues",
    "pf": "tmpSegIssues",
    "snapgridsize": 10,
    "snaptogrid": true,
    "wType": "FlexContainer",
    "widgetalignment": 1
}