{
    "@class": "com.kony.gen.viz.model.component.KVizLabel",
    "DNDConfig": null,
    "__parentReadjusting__": false,
    "_height_": {
        "type": "ref",
        "value": "preferred"
    },
    "_left_": {
        "type": "string",
        "value": "5%"
    },
    "_margin_": [
        1,
        1,
        1,
        1
    ],
    "_padding_": [
        0,
        0,
        0,
        0
    ],
    "_skin_": "sc0c3d8b2f7b49c1a09bd70afb54b921",
    "_text_": "A tree has fallen on road fjfkl' fjdklfj jakjdsf fsdfsd fd s   d fd df df  klfjsdkljkl jklsdjfkl....",
    "_top_": {
        "type": "string",
        "value": "50dp"
    },
    "_width_": {
        "type": "string",
        "value": "90%"
    },
    "_wrapping_": 2,
    "android": {
        "textStyle": {
            "letterSpacing": 0,
            "strikeThrough": false
        }
    },
    "canUpdateUI": true,
    "containerId": true,
    "containerweight": 100,
    "contentalignment": 4,
    "id": "lblFromValue",
    "info": null,
    "ipad": {
        "psp": {
            "wrapping": 2
        }
    },
    "iphone": {
        "psp": {
            "wrapping": 2
        }
    },
    "isvisible": true,
    "kuid": "244d82cb25e444f891a81ee479481f81",
    "name": "kony.ui.Label",
    "parent": "flxSegOuter",
    "pf": "tmpSegIssues",
    "tooltip": "",
    "wType": "Label"
}