{
    "@class": "com.kony.gen.viz.model.component.KVizButton",
    "DNDConfig": null,
    "__parentReadjusting__": false,
    "_height_": {
        "type": "string",
        "value": "40%"
    },
    "_left_": {
        "type": "string",
        "value": "5%"
    },
    "_margin_": [
        6,
        6,
        6,
        6
    ],
    "_padding_": [
        0,
        0,
        0,
        0
    ],
    "_skin_": "sff8a080ee994792a048c9529316cd1b",
    "_text_": "Submit",
    "_top_": {
        "type": "string",
        "value": "4%"
    },
    "_width_": {
        "type": "string",
        "value": "80%"
    },
    "canUpdateUI": true,
    "centerx": {
        "type": "string",
        "value": "50.00%"
    },
    "centery": {
        "type": "string",
        "value": "50%"
    },
    "containerweight": 100,
    "contentalignment": 5,
    "displaytext": true,
    "focusskin": "sae4ff63142c46118bb0477aaef322e1",
    "id": "btnStartTrip",
    "ide_onClick": "AS_Button_463f1599c45943cbb4c19d2778f74500",
    "info": null,
    "isvisible": true,
    "kuid": "3c4ccef6cd604afb8d61c3d3671f5b5d",
    "name": "kony.ui.Button",
    "parent": "FlexContainer0de3c4083312841",
    "pf": "frmContribute",
    "wType": "Button"
}