{
    "@class": "com.kony.gen.viz.model.component.KVizCheckBox",
    "DNDConfig": null,
    "__parentReadjusting__": false,
    "_height_": {
        "type": "string",
        "value": "85%"
    },
    "_left_": {
        "type": "string",
        "value": "0dp"
    },
    "_margin_": [
        0,
        0,
        0,
        0
    ],
    "_padding_": [
        5,
        0,
        0,
        0
    ],
    "_skin_": "sa5dc7c373c1478c8baaff51c9bfe666",
    "_top_": {
        "type": "string",
        "value": "3%"
    },
    "_width_": {
        "type": "string",
        "value": "90%"
    },
    "canUpdateUI": true,
    "centerx": {
        "type": "string",
        "value": "50%"
    },
    "containerweight": 100,
    "id": "CheckBoxGroup07da891084b2146",
    "info": null,
    "ipad": {
        "psp": {
            "viewType": 4
        }
    },
    "iphone": {
        "psp": {
            "viewType": 4
        }
    },
    "isvisible": true,
    "itemorientation": "vertical",
    "kuid": "7e790f6a058e4564b4ad4eb7fc2fbd1b",
    "masterdata": [
        [
            "cbg1",
            "Sunday"
        ],
        [
            "cbg2",
            "Monday"
        ],
        [
            "cbg3",
            "Tuesday"
        ],
        [
            "Key868",
            "Wednesday"
        ],
        [
            "Key862",
            "Thursday"
        ],
        [
            "Key497",
            "Friday"
        ],
        [
            "Key934",
            "Saturday"
        ]
    ],
    "name": "kony.ui.CheckBoxGroup",
    "orientation": "vertical",
    "paddinginpixel": false,
    "parent": "FlexContainer0403b4c10d0854a",
    "pf": "frmContribute",
    "selectedkey": null,
    "selectedkeys": [],
    "selectedkeyvalue": null,
    "selectedkeyvalues": null,
    "size": 18,
    "viewtype": 0,
    "wType": "CheckBoxGroup",
    "widgetalignment": 5,
    "zindex": 1
}