{
    "@class": "com.kony.gen.viz.model.component.KVizLabel",
    "DNDConfig": null,
    "__parentReadjusting__": false,
    "_height_": {
        "type": "ref",
        "value": "preferred"
    },
    "_left_": {
        "type": "string",
        "value": "5%"
    },
    "_margin_": [
        1,
        1,
        1,
        1
    ],
    "_padding_": [
        0,
        0,
        0,
        0
    ],
    "_skin_": "sb209da9f7fe4129b5129c8b54c91c5b",
    "_text_": "Select Suitable Timings:",
    "_top_": {
        "type": "string",
        "value": "10%"
    },
    "_width_": {
        "type": "ref",
        "value": "preferred"
    },
    "_wrapping_": 2,
    "android": {
        "textStyle": {
            "letterSpacing": 0,
            "strikeThrough": false
        }
    },
    "canUpdateUI": true,
    "containerweight": 100,
    "contentalignment": 4,
    "id": "CopyLabel002cbf2eadd5241",
    "info": null,
    "ipad": {
        "psp": {
            "wrapping": 2
        }
    },
    "iphone": {
        "psp": {
            "wrapping": 2
        }
    },
    "isvisible": true,
    "kuid": "b4c9ceb2175d47a392e244838bf8b303",
    "name": "kony.ui.Label",
    "parent": "FlexContainer0fda57fc6851c46",
    "pf": "frmContribute",
    "tooltip": "",
    "wType": "Label"
}