{
    "DNDConfig": null,
    "__parentReadjusting__": false,
    "_height_": {
        "type": "string",
        "value": "92%"
    },
    "_left_": {
        "type": "string",
        "value": "0dp"
    },
    "_margin_": [
        0,
        0,
        0,
        0
    ],
    "_orientation_": 6,
    "_padding_": [
        0,
        0,
        0,
        0
    ],
    "_percent_": true,
    "_skin_": "s436aa752a384e829996a6a0b5a4872b",
    "_top_": {
        "type": "string",
        "value": "8%"
    },
    "_width_": {
        "type": "string",
        "value": "100%"
    },
    "allboxes": [],
    "autogrowmode": 0,
    "canUpdateUI": true,
    "children": [
        "FlexContainer0403b4c10d0854a",
        "FlexContainer0fda57fc6851c46",
        "FlexContainer0de3c4083312841"
    ],
    "clipbounds": true,
    "containerweight": 100,
    "enablescrolling": true,
    "id": "FlexContainer0453e7e008def4b",
    "info": null,
    "isvisible": true,
    "kuid": "fbc411ac084146d89879316a847f4eca",
    "layouttype": 2,
    "name": "kony.ui.FlexContainer",
    "parent": "frmContribute",
    "pf": "frmContribute",
    "snapgridsize": 10,
    "snaptogrid": true,
    "wType": "FlexContainer",
    "widgetalignment": 1,
    "zindex": 1
}