{
    "@class": "com.kony.gen.viz.model.component.KVizLabel",
    "DNDConfig": null,
    "__parentReadjusting__": false,
    "_height_": {
        "type": "ref",
        "value": "preferred"
    },
    "_left_": {
        "type": "string",
        "value": "5%"
    },
    "_margin_": [
        1,
        1,
        1,
        1
    ],
    "_padding_": [
        0,
        0,
        0,
        0
    ],
    "_skin_": "s57eb772fb3f44b39656ce6a9e97659a",
    "_text_": "Contribute For Road #10, Yousaf Guda",
    "_top_": {
        "type": "string",
        "value": "4%"
    },
    "_width_": {
        "type": "ref",
        "value": "preferred"
    },
    "_wrapping_": 2,
    "android": {
        "textStyle": {
            "letterSpacing": 0,
            "strikeThrough": false
        }
    },
    "canUpdateUI": true,
    "containerweight": 100,
    "contentalignment": 4,
    "id": "Label016652b2ebd014c",
    "info": null,
    "ipad": {
        "psp": {
            "wrapping": 2
        }
    },
    "iphone": {
        "psp": {
            "wrapping": 2
        }
    },
    "isvisible": true,
    "kuid": "2d72e7fbf8164d07987b932ebe622444",
    "name": "kony.ui.Label",
    "parent": "FlexContainer0403b4c10d0854a",
    "pf": "frmContribute",
    "tooltip": "",
    "wType": "Label",
    "zindex": 1
}