{
    "@class": "com.kony.gen.viz.model.component.KVizListBox",
    "DNDConfig": null,
    "__parentReadjusting__": false,
    "_height_": {
        "type": "string",
        "value": "40dp"
    },
    "_left_": {
        "type": "string",
        "value": "23dp"
    },
    "_margin_": [
        0,
        0,
        0,
        0
    ],
    "_padding_": [
        0,
        0,
        0,
        0
    ],
    "_skin_": "se1eb6af4def40db9e53ffce44dff668",
    "_top_": {
        "type": "string",
        "value": "50%"
    },
    "_width_": {
        "type": "string",
        "value": "90%"
    },
    "canUpdateUI": true,
    "centerx": {
        "type": "string",
        "value": "50%"
    },
    "containerweight": 100,
    "contentalignment": 4,
    "context": {
        "channel": "mobile",
        "formID": "frmContribute",
        "platform": "iphone",
        "templateType": "forms",
        "topLevelBox": null
    },
    "groupcells": false,
    "id": "ListBox0a877069bd4564d",
    "info": null,
    "iphone": {
        "viewType": 2
    },
    "isvisible": true,
    "kuid": "940e09e5067645b39c0a94f03f66aa6e",
    "masterdata": [
        [
            "lb1",
            "6 AM to 9 AM"
        ],
        [
            "lb2",
            "12 PM to 3 PM"
        ],
        [
            "lb3",
            "4 PM to 7 PM"
        ]
    ],
    "name": "kony.ui.ListBox",
    "parent": "FlexContainer0fda57fc6851c46",
    "pf": "frmContribute",
    "selectedkeys": null,
    "selectedkeyvalue": null,
    "selectedkeyvalues": null,
    "size": 18,
    "viewtype": 0,
    "wType": "ListBox",
    "zindex": 1
}