{
    "DNDConfig": null,
    "_height_": {
        "type": "string",
        "value": "120dp"
    },
    "_margin_": [
        0,
        0,
        0,
        0
    ],
    "_orientation_": 6,
    "_padding_": [
        0,
        0,
        0,
        0
    ],
    "_percent_": true,
    "_skin_": "s8e7f8b82787498c81211da82943388f",
    "allboxes": [],
    "autogrowmode": 0,
    "canUpdateUI": true,
    "children": [
        "FlexContainer088bbdb12387547",
        "Label06dfb540e869848",
        "Label0fde795e17a674d",
        "FlexContainer0758cc1a9369245"
    ],
    "clipbounds": true,
    "containerId": true,
    "containerweight": 100,
    "enablescrolling": true,
    "id": "flxMain",
    "info": null,
    "isTemplate": true,
    "isvisible": true,
    "kuid": "192eb7aee482480abc9400fc93d3fba5",
    "layouttype": 2,
    "name": "kony.ui.FlexContainer",
    "parent": "tmpContractors",
    "pf": "tmpContractors",
    "snapgridsize": 10,
    "snaptogrid": true,
    "wType": "FlexContainer",
    "widgetalignment": 1
}