{
    "@class": "com.kony.gen.viz.model.component.KVizImage2",
    "DNDConfig": null,
    "__parentReadjusting__": false,
    "_base64_": null,
    "_height_": {
        "type": "string",
        "value": "100%"
    },
    "_left_": {
        "type": "string",
        "value": "0%"
    },
    "_margin_": [
        0,
        0,
        0,
        0
    ],
    "_padding_": [
        0,
        0,
        0,
        0
    ],
    "_skin_": "s94bc51cc5b947d296c8c04e05ad11c4",
    "_src_": "rated.png",
    "_top_": {
        "type": "string",
        "value": "3dp"
    },
    "_width_": {
        "type": "string",
        "value": "14%"
    },
    "canUpdateUI": true,
    "containerId": true,
    "containerweight": 100,
    "context": {
        "channel": "mobile",
        "platform": "iphone",
        "templateType": "segments",
        "topLevelBox": null
    },
    "id": "Image09d4297c0dd464f",
    "imagescalemode": 1,
    "info": null,
    "invokedProperty": "src",
    "isvisible": true,
    "kuid": "93e2d1521a654212aba37d386ff5530c",
    "name": "kony.ui.Image2",
    "parent": "FlexContainer0758cc1a9369245",
    "pf": "tmpContractors",
    "srcType": 1,
    "wType": "Image",
    "widgetalignment": 5
}