{
    "DNDConfig": null,
    "_height_": {
        "type": "string",
        "value": "30dp"
    },
    "_margin_": [
        0,
        0,
        0,
        0
    ],
    "_orientation_": 6,
    "_padding_": [
        0,
        0,
        0,
        0
    ],
    "_percent_": true,
    "_skin_": "s234246e41b84a0f8c63419befc5a6e9",
    "allboxes": [],
    "autogrowmode": 0,
    "canUpdateUI": true,
    "children": [
        "Label05d038c6e204a48"
    ],
    "clipbounds": true,
    "containerId": true,
    "containerweight": 100,
    "enablescrolling": true,
    "id": "FlexContainer01ddd6bbb88364b",
    "info": null,
    "isTemplate": true,
    "isvisible": true,
    "kuid": "c027f79d596d4410851d0a65020a3ce6",
    "layouttype": 2,
    "name": "kony.ui.FlexContainer",
    "parent": "tmpTripsHeader",
    "pf": "tmpTripsHeader",
    "snapgridsize": 10,
    "snaptogrid": true,
    "wType": "FlexContainer",
    "widgetalignment": 1
}