{
    "project.type": "js",
    "appaddrkey": "",
    "createdVizVersion": "7.0.0",
    "appversionkey": "1.0.0",
    "mwportkey": "",
    "defaulttheme": "defaultTheme",
    "isNewAppWithRespectToAndroidPackageName": "",
    "mwaddrkey": "",
    "createdgaversion": "7.0.0",
    "build": "debug",
    "winmobileguidkey": "",
    "currentgaversion": "7.0.0",
    "appidkey": "RoadIT",
    "apppackagekey": "",
    "mwhttpsportkey": "",
    "startupformkey": "frmLogin",
    "vendornamekey": "KonyLabs",
    "konyVizVersion": "7.0.0",
    "appnamekey": "RoadIT",
    "APPLICATION_THEME": "default",
    "project_version": "sprint22",
    "nativeContainerProperties": {
        "isModified": false,
        "isEnableJSContainer": false,
        "isEnableJSContainerAndroid": false,
        "isEnableJSContaineriOS": false
    },
    "appmenu": {
        "focusSkin": null,
        "osVersion": "iOS7",
        "tablet": {
            "data": [
                {
                    "id": "appmenuitemid1",
                    "title": "Item 1",
                    "icon": {
                        "default": "option1.png"
                    },
                    "android": {
                        "showAsFlag": 0
                    },
                    "kuid": "be4c4a3daf69418dbd05f327e65aa48e",
                    "windows8": {
                        "position": "BOTTOM_LEFT",
                        "appBarButtonStyle": "No Style"
                    }
                },
                {
                    "id": "appmenuitemid2",
                    "title": "Item 2",
                    "icon": {
                        "default": "option2.png"
                    },
                    "android": {
                        "showAsFlag": 0
                    },
                    "kuid": "a493a16458e6498b9faa2350c5cec4dc",
                    "windows8": {
                        "position": "BOTTOM_LEFT",
                        "appBarButtonStyle": "No Style"
                    }
                },
                {
                    "id": "appmenuitemid3",
                    "title": "Item 3",
                    "icon": {
                        "default": "option3.png"
                    },
                    "android": {
                        "showAsFlag": 0
                    },
                    "kuid": "2c9ce0a53c7a416ab7797cf68b92ad13",
                    "windows8": {
                        "position": "BOTTOM_LEFT",
                        "appBarButtonStyle": "No Style"
                    }
                },
                {
                    "id": "appmenuitemid4",
                    "title": "Item 4",
                    "icon": {
                        "default": "option4.png"
                    },
                    "android": {
                        "showAsFlag": 0
                    },
                    "kuid": "1cd5349cb8254288820a8b0b829f9a66",
                    "windows8": {
                        "position": "BOTTOM_LEFT",
                        "appBarButtonStyle": "No Style"
                    }
                }
            ]
        },
        "wType": "Appmenu",
        "focusskin": null,
        "osPlatform": "",
        "desktop": {
            "data": [
                {
                    "id": "appmenuitemid1",
                    "title": "Item 1",
                    "icon": {
                        "default": "option1.png"
                    },
                    "kuid": "ea1b96a82408494cb1337299d9f8a1cf"
                },
                {
                    "id": "appmenuitemid2",
                    "title": "Item 2",
                    "icon": {
                        "default": "option2.png"
                    },
                    "kuid": "10e4fcefb3504377bc18bb71d22eb731"
                },
                {
                    "id": "appmenuitemid3",
                    "title": "Item 3",
                    "icon": {
                        "default": "option3.png"
                    },
                    "kuid": "03af2617e2e2412697ca51719df0f1b8"
                },
                {
                    "id": "appmenuitemid4",
                    "title": "Item 4",
                    "icon": {
                        "default": "option4.png"
                    },
                    "kuid": "6c7e4753cc46463d8245f787524df010"
                }
            ]
        },
        "skin": null,
        "mobile": {
            "data": [
                {
                    "id": "appmenuitemid1",
                    "title": "Item 1",
                    "icon": {
                        "default": "option1.png"
                    },
                    "kuid": "55be44d0ce4c4551990ec5f2e5d12eb3",
                    "android": {
                        "showAsFlag": 0
                    }
                },
                {
                    "id": "appmenuitemid2",
                    "title": "Item 2",
                    "icon": {
                        "default": "option2.png"
                    },
                    "kuid": "f9c8c19c64fe4a0494866c84d3fa4ba5",
                    "android": {
                        "showAsFlag": 0
                    }
                },
                {
                    "id": "appmenuitemid3",
                    "title": "Item 3",
                    "icon": {
                        "default": "option3.png"
                    },
                    "kuid": "3e77e863521f4de78869ce4093fc440e",
                    "android": {
                        "showAsFlag": 0
                    }
                },
                {
                    "id": "appmenuitemid4",
                    "title": "Item 4",
                    "icon": {
                        "default": "option4.png"
                    },
                    "kuid": "36b99a4592014fea99448820f9fc0d13",
                    "android": {
                        "showAsFlag": 0
                    }
                }
            ]
        }
    },
    "wap_android400_fontsize": "12",
    "wap_ip_fontsize": "12",
    "wap_bb400_fontsize": "12",
    "wap_android240_fontsize": "12",
    "wap_spawindowstab_fontsize": "12",
    "wap_winphone320_fontsize": "12",
    "wap_android640_fontsize": "12",
    "wap_android320_fontsize": "12",
    "desktopwebbasefontsize": "12",
    "wap_winphone480_fontsize": "12",
    "wap_spaandroidtab_fontsize": "12",
    "wap_android360_fontsize": "12",
    "wap_spaipad_fontsize": "12",
    "wap_bb240_fontsize": "12",
    "wap_bb440_fontsize": "12",
    "wap_android440_fontsize": "12",
    "wap_spaandroidtabhdpi_fontsize": "12",
    "wap_spaandroidtabldpi_fontsize": "12",
    "wap_bb480_fontsize": "12",
    "wap_spaandroidtabmdpi_fontsize": "12",
    "wap_bb320_fontsize": "12",
    "isA11yConfigEnabled": false,
    "wap_bb360_fontsize": "12",
    "wap_android480_fontsize": "12",
    "statusBarHidden": "false",
    "watchos_shortlooknotificationicon_42": "",
    "watchos_longlooknotificationicon_42": "",
    "watchos_shortlooknotificationicon_38": "",
    "watchos_notificationcentericon_38": "",
    "watchos_longlooknotificationicon_38": "",
    "watchos_notificationcentericon_42": "",
    "enableactionbar": false
}