{
    "AS_Button_43ad23f6973742e88aeb3f43d3c24750": {
        "id": "AS_Button_43ad23f6973742e88aeb3f43d3c24750",
        "type": "ACTION_SEQUENCE",
        "params": [{
            "datatype": "collection",
            "name": "eventobject"
        }],
        "contextObj": {
            "name": "frmLogin",
            "type": "forms",
            "platform": "",
            "KUID": "0aa74bcaee0e4875a3864f5c1843f708"
        },
        "actions": [{
            "id": "ADD_SNIPPET__7739eadad2a84108aca39266662ebcbc",
            "type": "ADD_SNIPPET",
            "codeSnippet": "//frmDashboard.headers[0].lblTitle.text=\"Road-IT\";\nfrmDashboard.show();",
            "parentId": null,
            "callbackType": null
        }]
    }
}