{
    "AS_Button_390df827719840cf942c35e6522b4ffd": {
        "id": "AS_Button_390df827719840cf942c35e6522b4ffd",
        "type": "ACTION_SEQUENCE",
        "params": [{
            "datatype": "collection",
            "name": "eventobject"
        }, {
            "datatype": "collection",
            "name": "context"
        }],
        "contextObj": {
            "name": "tmpTrips",
            "type": "templates",
            "platform": "",
            "KUID": "7a0438f3d59640049b70040f6715feed"
        },
        "actions": [{
            "id": "ADD_SNIPPET__9a4ee39e8b864b37a1b239c8ce8d5ded",
            "type": "ADD_SNIPPET",
            "codeSnippet": "frmContribute.show();",
            "parentId": null,
            "callbackType": null
        }]
    }
}