{
    "AS_Button_065a51e2881a4a539f0ad8e1a85b732b": {
        "id": "AS_Button_065a51e2881a4a539f0ad8e1a85b732b",
        "type": "ACTION_SEQUENCE",
        "params": [{
            "datatype": "collection",
            "name": "eventobject"
        }],
        "contextObj": {
            "name": "frmIssue",
            "type": "forms",
            "platform": null,
            "KUID": "96137bdc5bd446feb6e9e9cbb79eef27"
        },
        "actions": [{
            "id": "ADD_SNIPPET__b997d435b92f45e1ad421aa742ab44ce",
            "type": "ADD_SNIPPET",
            "codeSnippet": "alert(\"Issue Submitted Successfully\");\nfrmDashboard.show();\n/*if(isFromST)\n  {\n    frmStartTrip.show();\n  }\nelse\n  {\n\tfrmDashboard.show();    \n  }\n\n*/",
            "parentId": null,
            "callbackType": null
        }]
    }
}