{
    "AS_Button_463f1599c45943cbb4c19d2778f74500": {
        "id": "AS_Button_463f1599c45943cbb4c19d2778f74500",
        "type": "ACTION_SEQUENCE",
        "params": [{
            "datatype": "collection",
            "name": "eventobject"
        }],
        "contextObj": {
            "name": "frmContribute",
            "type": "forms",
            "platform": "",
            "KUID": "500d1080c6db4efb9a24acd3114bae08"
        },
        "actions": [{
            "id": "ADD_SNIPPET__4f4451a94cbb4be0add2cd52e3adc40c",
            "type": "ADD_SNIPPET",
            "codeSnippet": "alert(\"Thank You!\\n You will recieve a notification when a campaign is launched in that area\");\nfrmTripList.show();",
            "parentId": null,
            "callbackType": null
        }]
    }
}