{
    "AS_Button_0566ea4431554e99996cd3b99ba28534": {
        "id": "AS_Button_0566ea4431554e99996cd3b99ba28534",
        "type": "ACTION_SEQUENCE",
        "params": [{
            "datatype": "collection",
            "name": "eventobject"
        }],
        "contextObj": {
            "name": "frmStartTrip",
            "type": "forms",
            "platform": "",
            "KUID": "8826ca3a51db417583da01a2215154c0"
        },
        "actions": [{
            "id": "ADD_SNIPPET__9cc2975f2b434250af804ff390528c38",
            "type": "ADD_SNIPPET",
            "codeSnippet": "frmStartTrip.lblEndTImeValue.setVisibility(true);\nfrmStartTrip.flxQuality.setVisibility(true);\nfrmStartTrip.btnEndTrip.setVisibility(false);\nkony.accelerometer.unregisterAccelerationEvents([\"shake\"]);\nshakeCount=0;",
            "parentId": null,
            "callbackType": null
        }]
    }
}