{
    "AS_Button_d8418e85c44b47409ef7b23b67215acd": {
        "id": "AS_Button_d8418e85c44b47409ef7b23b67215acd",
        "type": "ACTION_SEQUENCE",
        "params": [{
            "datatype": "collection",
            "name": "eventobject"
        }],
        "actions": [{
            "id": "ADD_SNIPPET_ide_onClick_40f82eef171d4fe7b15494963aa21721",
            "type": "ADD_SNIPPET",
            "codeSnippet": "frmStartTrip.lblEndTImeValue.setVisibility(false);\nfrmStartTrip.flxQuality.setVisibility(false);\nfrmStartTrip.lblBumpsCount.text=0;\nfrmStartTrip.btnEndTrip.setVisibility(true);\nfrmStartTrip.show();\nregAccEvent();",
            "callbackType": null
        }]
    }
}