{
    "AS_Camera_5aa7c77de4154cfe96883eef4a30e19d": {
        "id": "AS_Camera_5aa7c77de4154cfe96883eef4a30e19d",
        "type": "ACTION_SEQUENCE",
        "params": [{
            "datatype": "collection",
            "name": "eventobject"
        }],
        "contextObj": {
            "name": "frmDashboard",
            "type": "forms",
            "platform": "",
            "KUID": "174a9ba9a39548f3a029df12fcc1a897"
        },
        "actions": [{
            "id": "ADD_SNIPPET__b3c8642fcd3a4e3bbd871c8c0bcda0fd",
            "type": "ADD_SNIPPET",
            "codeSnippet": "isFromST=false;\nfrmIssue.show();\nfrmIssue.ImgCaptured.rawBytes= frmDashboard.cameraPic.rawBytes;\nfrmIssue.btnStartTrip.setVisibility(true);\nfrmIssue.TextArea08ea20b91246d44.setEnabled(true);",
            "parentId": null,
            "callbackType": null
        }]
    }
}