{
    "AS_Camera_c175b33cea4144b181141e233d502ae3": {
        "id": "AS_Camera_c175b33cea4144b181141e233d502ae3",
        "type": "ACTION_SEQUENCE",
        "params": [{
            "datatype": "collection",
            "name": "eventobject"
        }],
        "actions": [{
            "id": "ADD_SNIPPET_ide_onCapture_fa5dcf10c0f949edbc4c3b8d612ce933",
            "type": "ADD_SNIPPET",
            "codeSnippet": "//isFromST=true;\nfrmIssue.show();\nfrmIssue.ImgCaptured.rawBytes= frmStartTrip.cameraPic.rawBytes;\nfrmIssue.btnStartTrip.setVisibility(true);\nfrmIssue.TextArea08ea20b91246d44.setEnabled(true);",
            "callbackType": null
        }]
    }
}