{
    "AS_FlexContainer_dcfc353f260d47fc88e87e3a4a33d342": {
        "id": "AS_FlexContainer_dcfc353f260d47fc88e87e3a4a33d342",
        "type": "ACTION_SEQUENCE",
        "params": [{
            "datatype": "collection",
            "name": "eventobject"
        }, {
            "datatype": "string",
            "name": "x"
        }, {
            "datatype": "string",
            "name": "y"
        }],
        "actions": [{
            "id": "ADD_SNIPPET_ide_onTouchEnd_45ff65a9fa564e62afedb0077167024e",
            "type": "ADD_SNIPPET",
            "codeSnippet": "onClickHamburgerMenuOriginal(kony.application.getCurrentForm());\nfrmContractors.show();",
            "callbackType": null
        }]
    }
}