{
    "AS_FlexContainer_3b286f168fdc47cf9879d483cf9b4748": {
        "id": "AS_FlexContainer_3b286f168fdc47cf9879d483cf9b4748",
        "type": "ACTION_SEQUENCE",
        "params": [{
            "datatype": "collection",
            "name": "eventobject"
        }, {
            "datatype": "string",
            "name": "x"
        }, {
            "datatype": "string",
            "name": "y"
        }],
        "contextObj": {
            "name": "frmDashboard",
            "type": "forms",
            "platform": "",
            "KUID": "174a9ba9a39548f3a029df12fcc1a897"
        },
        "actions": [{
            "id": "ADD_SNIPPET__b0a88df63eb74ea08d09714fadda58c3",
            "type": "ADD_SNIPPET",
            "codeSnippet": "onClickHamburgerMenuOriginal(kony.application.getCurrentForm());\nfrmLogin.show();",
            "parentId": null,
            "callbackType": null
        }]
    }
}