{
    "AS_FlexContainer_b14a33d384c345899b5a1e6f5d950142": {
        "id": "AS_FlexContainer_b14a33d384c345899b5a1e6f5d950142",
        "type": "ACTION_SEQUENCE",
        "params": [{
            "datatype": "collection",
            "name": "eventobject"
        }, {
            "datatype": "string",
            "name": "x"
        }, {
            "datatype": "string",
            "name": "y"
        }],
        "actions": [{
            "id": "ADD_SNIPPET_ide_onTouchEnd_515b39882cc84cf39881b42c723ce05d",
            "type": "ADD_SNIPPET",
            "codeSnippet": "onClickHamburgerMenuOriginal(kony.application.getCurrentForm());\nfrmTripList.show();",
            "callbackType": null
        }]
    }
}