{
    "AS_FlexContainer_cee312eb185a41da86eabc9f4b069e53": {
        "id": "AS_FlexContainer_cee312eb185a41da86eabc9f4b069e53",
        "type": "ACTION_SEQUENCE",
        "params": [{
            "datatype": "collection",
            "name": "eventobject"
        }, {
            "datatype": "string",
            "name": "x"
        }, {
            "datatype": "string",
            "name": "y"
        }],
        "actions": [{
            "id": "ADD_SNIPPET_ide_onTouchEnd_0308e92ec8d34c85a0d85e27e3c4e3ec",
            "type": "ADD_SNIPPET",
            "codeSnippet": "frmTripList.show();",
            "callbackType": null
        }]
    }
}