{
    "AS_FlexContainer_b8f4e47ce98742c98169b81e39eb45f7": {
        "id": "AS_FlexContainer_b8f4e47ce98742c98169b81e39eb45f7",
        "type": "ACTION_SEQUENCE",
        "params": [{
            "datatype": "collection",
            "name": "eventobject"
        }, {
            "datatype": "string",
            "name": "x"
        }, {
            "datatype": "string",
            "name": "y"
        }],
        "actions": [{
            "id": "ADD_SNIPPET_ide_onTouchEnd_d8be497b4b67476ab176f842d7172453",
            "type": "ADD_SNIPPET",
            "codeSnippet": "onClickHamburgerMenuOriginal(kony.application.getCurrentForm());\nfrmContractors.show();",
            "callbackType": null
        }]
    }
}