{
    "AS_FlexContainer_023d39feade44fbabf6dca8f684b6775": {
        "id": "AS_FlexContainer_023d39feade44fbabf6dca8f684b6775",
        "type": "ACTION_SEQUENCE",
        "params": [{
            "datatype": "collection",
            "name": "eventobject"
        }, {
            "datatype": "string",
            "name": "x"
        }, {
            "datatype": "string",
            "name": "y"
        }],
        "actions": [{
            "id": "ADD_SNIPPET_ide_onTouchEnd_a914b3863c964af9950ae5e8e032282f",
            "type": "ADD_SNIPPET",
            "codeSnippet": "onClickHamburgerMenuOriginal(kony.application.getCurrentForm());\nfrmIssues.show();\n",
            "callbackType": null
        }]
    }
}