{
    "AS_FlexContainer_dd1675a0675f43f8974bad9a7b6c3754": {
        "id": "AS_FlexContainer_dd1675a0675f43f8974bad9a7b6c3754",
        "type": "ACTION_SEQUENCE",
        "params": [{
            "datatype": "collection",
            "name": "eventobject"
        }, {
            "datatype": "string",
            "name": "x"
        }, {
            "datatype": "string",
            "name": "y"
        }],
        "actions": [{
            "id": "ADD_SNIPPET_ide_onTouchEnd_06c5b617929343b8ad679a4ffbe37cbe",
            "type": "ADD_SNIPPET",
            "codeSnippet": "onClickHamburgerMenuOriginal(kony.application.getCurrentForm());\nfrmLogin.show();",
            "callbackType": null
        }]
    }
}