{
    "AS_FlexContainer_982c447706ea47b591582359020e3c7c": {
        "id": "AS_FlexContainer_982c447706ea47b591582359020e3c7c",
        "type": "ACTION_SEQUENCE",
        "params": [{
            "datatype": "collection",
            "name": "eventobject"
        }, {
            "datatype": "string",
            "name": "x"
        }, {
            "datatype": "string",
            "name": "y"
        }],
        "actions": [{
            "id": "ADD_SNIPPET_ide_onTouchEnd_3471b9312b59487986bd2aee825b8065",
            "type": "ADD_SNIPPET",
            "codeSnippet": "onClickHamburgerMenuOriginal(kony.application.getCurrentForm());\nfrmDashboard.show();",
            "callbackType": null
        }]
    }
}