{
    "AS_FlexContainer_fed67b330718437db918eecc9fe960a7": {
        "id": "AS_FlexContainer_fed67b330718437db918eecc9fe960a7",
        "type": "ACTION_SEQUENCE",
        "params": [{
            "datatype": "collection",
            "name": "eventobject"
        }, {
            "datatype": "string",
            "name": "x"
        }, {
            "datatype": "string",
            "name": "y"
        }],
        "contextObj": {
            "name": "frmDashboard",
            "type": "forms",
            "platform": "",
            "KUID": "174a9ba9a39548f3a029df12fcc1a897"
        },
        "actions": [{
            "id": "ADD_SNIPPET__b27a0d74493c4913b6f0f735e70ce373",
            "type": "ADD_SNIPPET",
            "codeSnippet": "onClickHamburgerMenuOriginal(kony.application.getCurrentForm());\nfrmContractors.show();",
            "parentId": null,
            "callbackType": null
        }]
    }
}