{
    "AS_FlexContainer_f12ce7f111f747b69c41800b31725b99": {
        "id": "AS_FlexContainer_f12ce7f111f747b69c41800b31725b99",
        "type": "ACTION_SEQUENCE",
        "params": [{
            "datatype": "collection",
            "name": "eventobject"
        }, {
            "datatype": "string",
            "name": "x"
        }, {
            "datatype": "string",
            "name": "y"
        }],
        "contextObj": {
            "name": "frmDashboard",
            "type": "forms",
            "platform": "",
            "KUID": "174a9ba9a39548f3a029df12fcc1a897"
        },
        "actions": [{
            "id": "ADD_SNIPPET__6b5b4aae6af146bfa53712945e262061",
            "type": "ADD_SNIPPET",
            "codeSnippet": "onClickHamburgerMenuOriginal(kony.application.getCurrentForm());\nfrmIssues.show();\n",
            "parentId": null,
            "callbackType": null
        }]
    }
}