{
    "AS_FlexContainer_0c10620f49184e2d9286765f14c654aa": {
        "id": "AS_FlexContainer_0c10620f49184e2d9286765f14c654aa",
        "type": "ACTION_SEQUENCE",
        "params": [{
            "datatype": "collection",
            "name": "eventobject"
        }, {
            "datatype": "string",
            "name": "x"
        }, {
            "datatype": "string",
            "name": "y"
        }],
        "contextObj": {
            "name": "frmDashboard",
            "type": "forms",
            "platform": "",
            "KUID": "174a9ba9a39548f3a029df12fcc1a897"
        },
        "actions": [{
            "id": "ADD_SNIPPET__11698e70097a4794b1b1a34ab87a69b7",
            "type": "ADD_SNIPPET",
            "codeSnippet": "onClickHamburgerMenuOriginal(kony.application.getCurrentForm());\nfrmTripList.show();",
            "parentId": null,
            "callbackType": null
        }]
    }
}