{
    "AS_FlexContainer_9f8816ad01314494be7c369ee7fafbe3": {
        "id": "AS_FlexContainer_9f8816ad01314494be7c369ee7fafbe3",
        "type": "ACTION_SEQUENCE",
        "params": [{
            "datatype": "collection",
            "name": "eventobject"
        }, {
            "datatype": "string",
            "name": "x"
        }, {
            "datatype": "string",
            "name": "y"
        }],
        "actions": [{
            "id": "ADD_SNIPPET_ide_onTouchEnd_4f464ad3f6f3453ba9af6a51caaac4e8",
            "type": "ADD_SNIPPET",
            "codeSnippet": "onClickHamburgerMenuOriginal(kony.application.getCurrentForm());\nfrmDashboard.show();",
            "callbackType": null
        }]
    }
}