{
    "AS_FlexContainer_b644e4a72dd747e4ac363ccdfb151ead": {
        "id": "AS_FlexContainer_b644e4a72dd747e4ac363ccdfb151ead",
        "type": "ACTION_SEQUENCE",
        "params": [{
            "datatype": "collection",
            "name": "eventobject"
        }, {
            "datatype": "string",
            "name": "x"
        }, {
            "datatype": "string",
            "name": "y"
        }],
        "actions": [{
            "id": "ADD_SNIPPET_ide_onTouchEnd_9104975821a443ab9f145ee68456902b",
            "type": "ADD_SNIPPET",
            "codeSnippet": "frmIssues.show();\n",
            "callbackType": null
        }]
    }
}