{
    "AS_FlexContainer_24c40ab7e46b4e9b90017b29cd0e47f3": {
        "id": "AS_FlexContainer_24c40ab7e46b4e9b90017b29cd0e47f3",
        "type": "ACTION_SEQUENCE",
        "params": [{
            "datatype": "collection",
            "name": "eventobject"
        }, {
            "datatype": "string",
            "name": "x"
        }, {
            "datatype": "string",
            "name": "y"
        }],
        "actions": [{
            "id": "ADD_SNIPPET_ide_onTouchEnd_a6184699bc4442259d27840222fa1de6",
            "type": "ADD_SNIPPET",
            "codeSnippet": "onClickHamburgerMenuOriginal(kony.application.getCurrentForm());\nfrmDashboard.show();",
            "callbackType": null
        }]
    }
}