{
    "AS_FlexContainer_a92a718fb09949138395dc9aade39fdc": {
        "id": "AS_FlexContainer_a92a718fb09949138395dc9aade39fdc",
        "type": "ACTION_SEQUENCE",
        "params": [{
            "datatype": "collection",
            "name": "eventobject"
        }, {
            "datatype": "string",
            "name": "x"
        }, {
            "datatype": "string",
            "name": "y"
        }],
        "actions": [{
            "id": "ADD_SNIPPET_ide_onTouchEnd_629e3d02b6c1444392f95ad363f612be",
            "type": "ADD_SNIPPET",
            "codeSnippet": "onClickHamburgerMenuOriginal(kony.application.getCurrentForm());\nfrmLogin.show();",
            "callbackType": null
        }]
    }
}