{
    "AS_FlexContainer_f6917a6b5a5742e8b7bb058483bfbbd4": {
        "id": "AS_FlexContainer_f6917a6b5a5742e8b7bb058483bfbbd4",
        "type": "ACTION_SEQUENCE",
        "params": [{
            "datatype": "collection",
            "name": "eventobject"
        }, {
            "datatype": "string",
            "name": "x"
        }, {
            "datatype": "string",
            "name": "y"
        }],
        "actions": [{
            "id": "ADD_SNIPPET_ide_onTouchEnd_f731ca5c1079407190030312fd90be03",
            "type": "ADD_SNIPPET",
            "codeSnippet": "onClickHamburgerMenuOriginal(kony.application.getCurrentForm());\nfrmTripList.show();",
            "callbackType": null
        }]
    }
}