{
    "AS_FlexContainer_adc0d8295ff646dd88a6c936ddf57e1b": {
        "id": "AS_FlexContainer_adc0d8295ff646dd88a6c936ddf57e1b",
        "type": "ACTION_SEQUENCE",
        "params": [{
            "datatype": "collection",
            "name": "eventobject"
        }, {
            "datatype": "string",
            "name": "x"
        }, {
            "datatype": "string",
            "name": "y"
        }],
        "contextObj": {
            "name": "frmDashboard",
            "type": "forms",
            "platform": "",
            "KUID": "174a9ba9a39548f3a029df12fcc1a897"
        },
        "actions": [{
            "id": "ADD_SNIPPET__c6f01f13966d483383d4bc18856d1b5c",
            "type": "ADD_SNIPPET",
            "codeSnippet": "onClickHamburgerMenuOriginal(kony.application.getCurrentForm());\nfrmDashboard.show();",
            "parentId": null,
            "callbackType": null
        }]
    }
}