{
    "AS_FlexContainer_80196141f9f9403d99bcea3b560a7bf7": {
        "id": "AS_FlexContainer_80196141f9f9403d99bcea3b560a7bf7",
        "type": "ACTION_SEQUENCE",
        "params": [{
            "datatype": "collection",
            "name": "eventobject"
        }, {
            "datatype": "string",
            "name": "x"
        }, {
            "datatype": "string",
            "name": "y"
        }],
        "actions": [{
            "id": "ADD_SNIPPET_ide_onTouchEnd_532e1b788abe410f927ee2f5c4ad03da",
            "type": "ADD_SNIPPET",
            "codeSnippet": "onClickHamburgerMenuOriginal(kony.application.getCurrentForm());\nfrmTripList.show();",
            "callbackType": null
        }]
    }
}