{
    "AS_FlexContainer_8f8c90698d66480dad592dd0c1ca2b28": {
        "id": "AS_FlexContainer_8f8c90698d66480dad592dd0c1ca2b28",
        "type": "ACTION_SEQUENCE",
        "params": [{
            "datatype": "collection",
            "name": "eventobject"
        }, {
            "datatype": "string",
            "name": "x"
        }, {
            "datatype": "string",
            "name": "y"
        }],
        "actions": [{
            "id": "ADD_SNIPPET_ide_onTouchEnd_d8590f6c79f1480c952340a9e8bd0d81",
            "type": "ADD_SNIPPET",
            "codeSnippet": "onClickHamburgerMenuOriginal(kony.application.getCurrentForm());\nfrmContractors.show();",
            "callbackType": null
        }]
    }
}