{
    "AS_FlexContainer_e6ebc0c5f0c947c1b35fca5498cb8df1": {
        "id": "AS_FlexContainer_e6ebc0c5f0c947c1b35fca5498cb8df1",
        "type": "ACTION_SEQUENCE",
        "params": [{
            "datatype": "collection",
            "name": "eventobject"
        }, {
            "datatype": "string",
            "name": "x"
        }, {
            "datatype": "string",
            "name": "y"
        }],
        "actions": [{
            "id": "ADD_SNIPPET_ide_onTouchEnd_4388a6793fe04c50a2f05b640a1aec1e",
            "type": "ADD_SNIPPET",
            "codeSnippet": "onClickHamburgerMenuOriginal(kony.application.getCurrentForm());\nfrmIssues.show();\n",
            "callbackType": null
        }]
    }
}