{
    "AS_FlexContainer_e66597f3c32f442c98372d5aa2b5ca19": {
        "id": "AS_FlexContainer_e66597f3c32f442c98372d5aa2b5ca19",
        "type": "ACTION_SEQUENCE",
        "params": [{
            "datatype": "collection",
            "name": "eventobject"
        }, {
            "datatype": "string",
            "name": "x"
        }, {
            "datatype": "string",
            "name": "y"
        }],
        "actions": [{
            "id": "ADD_SNIPPET_ide_onTouchEnd_04acb28ae5c842b297ae6e676c4cb109",
            "type": "ADD_SNIPPET",
            "codeSnippet": "onClickHamburgerMenuOriginal(kony.application.getCurrentForm());\nfrmIssues.show();\n",
            "callbackType": null
        }]
    }
}