{
    "AS_FlexContainer_3bfba7ab121041fb8626bbf17da2732b": {
        "id": "AS_FlexContainer_3bfba7ab121041fb8626bbf17da2732b",
        "type": "ACTION_SEQUENCE",
        "params": [{
            "datatype": "collection",
            "name": "eventobject"
        }, {
            "datatype": "string",
            "name": "x"
        }, {
            "datatype": "string",
            "name": "y"
        }],
        "actions": [{
            "id": "ADD_SNIPPET_ide_onTouchEnd_302e0a8d04604f9caae9ce120d86a796",
            "type": "ADD_SNIPPET",
            "codeSnippet": "onClickHamburgerMenuOriginal(kony.application.getCurrentForm());\nfrmLogin.show();",
            "callbackType": null
        }]
    }
}