{
    "AS_Image_874ab94c1c4f4a01b1f1def540e5152f": {
        "id": "AS_Image_874ab94c1c4f4a01b1f1def540e5152f",
        "type": "ACTION_SEQUENCE",
        "params": [{
            "datatype": "collection",
            "name": "eventobject"
        }, {
            "datatype": "string",
            "name": "x"
        }, {
            "datatype": "string",
            "name": "y"
        }],
        "contextObj": {
            "name": "frmIssue",
            "type": "forms",
            "platform": "",
            "KUID": "96137bdc5bd446feb6e9e9cbb79eef27"
        },
        "actions": [{
            "id": "ADD_SNIPPET__a001a8fcb1cb404289d8a7c9026b7dad",
            "type": "ADD_SNIPPET",
            "codeSnippet": "var Form=kony.application.getPreviousForm();\nForm.show();",
            "parentId": null,
            "callbackType": null
        }]
    }
}