{
    "AS_Image_86b356dea5b14a5ba6a205c0fae04a37": {
        "id": "AS_Image_86b356dea5b14a5ba6a205c0fae04a37",
        "type": "ACTION_SEQUENCE",
        "params": [{
            "datatype": "collection",
            "name": "eventobject"
        }, {
            "datatype": "string",
            "name": "x"
        }, {
            "datatype": "string",
            "name": "y"
        }],
        "contextObj": {
            "name": "frmDashboard",
            "type": "forms",
            "platform": "",
            "KUID": "174a9ba9a39548f3a029df12fcc1a897"
        },
        "actions": [{
            "id": "ADD_SNIPPET__b87354abde80498c9f03f9ea5d643dbc",
            "type": "ADD_SNIPPET",
            "codeSnippet": "getHamburgerMenu();",
            "parentId": null,
            "callbackType": null
        }]
    }
}