{
    "AS_Image_636198c6b2cb4170937e895827395f5c": {
        "id": "AS_Image_636198c6b2cb4170937e895827395f5c",
        "type": "ACTION_SEQUENCE",
        "params": [{
            "datatype": "collection",
            "name": "eventobject"
        }, {
            "datatype": "string",
            "name": "x"
        }, {
            "datatype": "string",
            "name": "y"
        }],
        "contextObj": {
            "name": "frmIssues",
            "type": "forms",
            "platform": "",
            "KUID": "b1d5edc8931b49be9adbffb83227383e"
        },
        "actions": [{
            "id": "ADD_SNIPPET__f7d0dbf21eb043fc89e8eeeacd918587",
            "type": "ADD_SNIPPET",
            "codeSnippet": "getHamburgerMenu();",
            "parentId": null,
            "callbackType": null
        }]
    }
}