{
    "AS_Image_ddef13c5da914445bf14544f8789b59a": {
        "id": "AS_Image_ddef13c5da914445bf14544f8789b59a",
        "type": "ACTION_SEQUENCE",
        "params": [{
            "datatype": "collection",
            "name": "eventobject"
        }, {
            "datatype": "string",
            "name": "x"
        }, {
            "datatype": "string",
            "name": "y"
        }],
        "contextObj": {
            "name": "frmTripList",
            "type": "forms",
            "platform": "",
            "KUID": "e849000b2b2346f2b3f16ddddff7d231"
        },
        "actions": [{
            "id": "ADD_SNIPPET__ca413c1a67b840a0942b19e383354774",
            "type": "ADD_SNIPPET",
            "codeSnippet": "getHamburgerMenu();",
            "parentId": null,
            "callbackType": null
        }]
    }
}