{
    "AS_Image_d7498497efad40809382649a907c9ed3": {
        "id": "AS_Image_d7498497efad40809382649a907c9ed3",
        "type": "ACTION_SEQUENCE",
        "params": [{
            "datatype": "collection",
            "name": "eventobject"
        }, {
            "datatype": "string",
            "name": "x"
        }, {
            "datatype": "string",
            "name": "y"
        }],
        "contextObj": {
            "name": "frmStartTrip",
            "type": "forms",
            "platform": "",
            "KUID": "8826ca3a51db417583da01a2215154c0"
        },
        "actions": [{
            "id": "ADD_SNIPPET__cc128cc101f2487cac095411deaa1e81",
            "type": "ADD_SNIPPET",
            "codeSnippet": "frmDashboard.show();",
            "parentId": null,
            "callbackType": null
        }]
    }
}