{
    "AS_Image_0a4b39243b774e3ab3a6f087a7e6f920": {
        "id": "AS_Image_0a4b39243b774e3ab3a6f087a7e6f920",
        "type": "ACTION_SEQUENCE",
        "params": [{
            "datatype": "collection",
            "name": "eventobject"
        }, {
            "datatype": "string",
            "name": "x"
        }, {
            "datatype": "string",
            "name": "y"
        }],
        "contextObj": {
            "name": "frmContractors",
            "type": "forms",
            "platform": "",
            "KUID": "62633afb3e95409eab107b2c5382a7bc"
        },
        "actions": [{
            "id": "ADD_SNIPPET__a15cbea6f48a46f38aa5a92b1c07b4da",
            "type": "ADD_SNIPPET",
            "codeSnippet": "getHamburgerMenu();",
            "parentId": null,
            "callbackType": null
        }]
    }
}