{
    "AS_Image_9a9f42409ea344d993a42b4237692602": {
        "id": "AS_Image_9a9f42409ea344d993a42b4237692602",
        "type": "ACTION_SEQUENCE",
        "params": [{
            "datatype": "collection",
            "name": "eventobject"
        }, {
            "datatype": "string",
            "name": "x"
        }, {
            "datatype": "string",
            "name": "y"
        }],
        "contextObj": {
            "name": "frmContribute",
            "type": "forms",
            "platform": null,
            "KUID": "500d1080c6db4efb9a24acd3114bae08"
        },
        "actions": [{
            "id": "ADD_SNIPPET__7006edb97c4c4b53bdc4ebad6455a09d",
            "type": "ADD_SNIPPET",
            "codeSnippet": "var prevForm=kony.application.getPreviousForm();\nprevForm.show();",
            "parentId": null,
            "callbackType": null
        }]
    }
}