{
    "AS_Segment_bdd3f10f5dc54ffbb9c9b33bd33eb050": {
        "id": "AS_Segment_bdd3f10f5dc54ffbb9c9b33bd33eb050",
        "type": "ACTION_SEQUENCE",
        "params": [{
            "datatype": "collection",
            "name": "eventobject"
        }, {
            "datatype": "number",
            "name": "sectionNumber"
        }, {
            "datatype": "number",
            "name": "rowNumber"
        }],
        "contextObj": {
            "name": "frmIssues",
            "type": "forms",
            "platform": "",
            "KUID": "b1d5edc8931b49be9adbffb83227383e"
        },
        "actions": [{
            "id": "ADD_SNIPPET__81f8ac8fb2224c729e0f0f4f49ee3243",
            "type": "ADD_SNIPPET",
            "codeSnippet": "frmIssue.ImgCaptured.src=\"tree.png\";\nfrmIssue.btnStartTrip.setVisibility(false);\nfrmIssue.TextArea08ea20b91246d44.text=\"A tree fell down on the road and there is traffic jam.\";\nfrmIssue.TextArea08ea20b91246d44.setEnabled(false);\nfrmIssue.show();",
            "parentId": null,
            "callbackType": null
        }]
    }
}