{
    "AS_Switch_22af811982ee498bad506ed02582910b": {
        "id": "AS_Switch_22af811982ee498bad506ed02582910b",
        "type": "ACTION_SEQUENCE",
        "params": [{
            "datatype": "collection",
            "name": "eventobject"
        }],
        "contextObj": {
            "name": "frmDashboard",
            "type": "forms",
            "platform": "",
            "KUID": "174a9ba9a39548f3a029df12fcc1a897"
        },
        "actions": [{
            "id": "ADD_SNIPPET__b039e4881ddc4341899aaaa78958b7f9",
            "type": "ADD_SNIPPET",
            "codeSnippet": "if(frmDashboard.Switch0c15b97a05a7c4c.selectedIndex===0)\nalert(\"Sure! Data will not be captured outside your favourite zone\");",
            "parentId": null,
            "callbackType": null
        }]
    }
}