{
    "AS_Segment_f0d27e0616e44052acb873c91e33f35b": {
        "id": "AS_Segment_f0d27e0616e44052acb873c91e33f35b",
        "type": "ACTION_SEQUENCE",
        "params": [{
            "datatype": "collection",
            "name": "eventobject"
        }, {
            "datatype": "number",
            "name": "sectionNumber"
        }, {
            "datatype": "number",
            "name": "rowNumber"
        }],
        "actions": [{
            "id": "ADD_SNIPPET_ide_onRowClick_f42e407d8ab54c9d9c3fd7c983979976",
            "type": "ADD_SNIPPET",
            "codeSnippet": "alert(frmIssues.segIssues.data);",
            "callbackType": null
        }]
    }
}