{
    "@class": "com.kony.gen.viz.model.component.KVizButton",
    "DNDConfig": null,
    "__parentReadjusting__": false,
    "_height_": {
        "type": "string",
        "value": "32%"
    },
    "_left_": {
        "type": "string",
        "value": "5%"
    },
    "_margin_": [
        6,
        6,
        6,
        6
    ],
    "_padding_": [
        0,
        0,
        0,
        0
    ],
    "_skin_": "sff8a080ee994792a048c9529316cd1b",
    "_text_": "Start Trip",
    "_top_": {
        "type": "string",
        "value": "4%"
    },
    "_width_": {
        "type": "string",
        "value": "80%"
    },
    "canUpdateUI": true,
    "centerx": {
        "type": "string",
        "value": "50.00%"
    },
    "containerweight": 100,
    "contentalignment": 5,
    "displaytext": true,
    "focusskin": "sae4ff63142c46118bb0477aaef322e1",
    "id": "btnStartTrip",
    "ide_onClick": "AS_Button_d8418e85c44b47409ef7b23b67215acd",
    "info": null,
    "isvisible": true,
    "kuid": "bb08956d7af5427fad0d5a11411bf130",
    "name": "kony.ui.Button",
    "parent": "FlexContainer08e01a4eb5bbc4e",
    "pf": "frmDashboard",
    "wType": "Button"
}