{
    "@class": "com.kony.gen.viz.model.component.KVizCamera",
    "DNDConfig": null,
    "__parentReadjusting__": false,
    "_height_": {
        "type": "string",
        "value": "42dp"
    },
    "_left_": {
        "type": "string",
        "value": "50dp"
    },
    "_margin_": [
        0,
        0,
        0,
        0
    ],
    "_padding_": [
        0,
        0,
        0,
        0
    ],
    "_skin_": "s4bbc23d289042fcb8a2b47e57c6eef4",
    "_text_": "Report Issue",
    "_top_": {
        "type": "string",
        "value": "15dp"
    },
    "_width_": {
        "type": "string",
        "value": "80%"
    },
    "canUpdateUI": true,
    "centerx": {
        "type": "string",
        "value": "50%"
    },
    "containerweight": 100,
    "contentalignment": 5,
    "desktopweb": {
        "render": false
    },
    "focusskin": "scff9155fe0043a7b4b346f2fb0eb783",
    "id": "cameraPic",
    "ide_onCapture": "AS_Camera_5aa7c77de4154cfe96883eef4a30e19d",
    "info": null,
    "isvisible": true,
    "kuid": "aaa3f77d87ea4afa8052464075788974",
    "name": "kony.ui.Camera",
    "oncapture": null,
    "parent": "FlexContainer008fbc811371b40",
    "pf": "frmDashboard",
    "spaan": {
        "render": false
    },
    "spaandroidtablet": {
        "render": false
    },
    "spabb": {
        "render": false
    },
    "spaip": {
        "render": false
    },
    "spaipad": {
        "render": false
    },
    "spawindowstablet": {
        "render": false
    },
    "spawinphone8": {
        "render": false
    },
    "wType": "Camera",
    "watchos": {
        "render": false
    },
    "zindex": 1
}