{
    "DNDConfig": null,
    "__parentReadjusting__": false,
    "_height_": {
        "type": "string",
        "value": "40%"
    },
    "_left_": {
        "type": "string",
        "value": "6.33%"
    },
    "_margin_": [
        0,
        0,
        0,
        0
    ],
    "_orientation_": 6,
    "_padding_": [
        0,
        0,
        0,
        0
    ],
    "_percent_": true,
    "_skin_": "s14d40da56fb4b38968bf7e1789e6729",
    "_top_": {
        "type": "string",
        "value": "52.66%"
    },
    "_width_": {
        "type": "string",
        "value": "40%"
    },
    "allboxes": [],
    "autogrowmode": 0,
    "canUpdateUI": true,
    "children": [
        "CopyLabel047fd651cc2f14c",
        "CopyLabel012196268238c4a"
    ],
    "clipbounds": true,
    "containerweight": 100,
    "enablescrolling": true,
    "focusskin": "s4002813565e419d8002a6bfbebb3452",
    "id": "CopyFlexContainer0c29ac9a120954c",
    "ide_onTouchEnd": "AS_FlexContainer_b644e4a72dd747e4ac363ccdfb151ead",
    "info": null,
    "isvisible": true,
    "kuid": "29dc477247fb47b295e617078a6885ce",
    "layouttype": 2,
    "name": "kony.ui.FlexContainer",
    "parent": "flxSummary",
    "pf": "frmDashboard",
    "snapgridsize": 10,
    "snaptogrid": true,
    "wType": "FlexContainer",
    "widgetalignment": 1
}