{
    "DNDConfig": null,
    "__parentReadjusting__": false,
    "_height_": {
        "type": "string",
        "value": "40%"
    },
    "_left_": {
        "type": "string",
        "value": "52.66%"
    },
    "_margin_": [
        0,
        0,
        0,
        0
    ],
    "_orientation_": 6,
    "_padding_": [
        0,
        0,
        0,
        0
    ],
    "_percent_": true,
    "_skin_": "s0bacab160de485d857959494b407ba0",
    "_top_": {
        "type": "string",
        "value": "6.33%"
    },
    "_width_": {
        "type": "string",
        "value": "40%"
    },
    "allboxes": [],
    "autogrowmode": 0,
    "canUpdateUI": true,
    "children": [
        "CopyLabel00b07ff6ea57741",
        "CopyLabel038fba546b6d94d"
    ],
    "clipbounds": true,
    "containerweight": 100,
    "enablescrolling": true,
    "focusskin": "sc6f592b28ec4169a583355f83c22ac3",
    "id": "CopyFlexContainer0e760f5f3cb8745",
    "info": null,
    "isvisible": true,
    "kuid": "56324a2f22e648ca819151567c59c9ce",
    "layouttype": 2,
    "name": "kony.ui.FlexContainer",
    "parent": "flxSummary",
    "pf": "frmDashboard",
    "snapgridsize": 10,
    "snaptogrid": true,
    "wType": "FlexContainer",
    "widgetalignment": 1
}