{
    "DNDConfig": null,
    "__parentReadjusting__": false,
    "_height_": {
        "type": "string",
        "value": "40%"
    },
    "_left_": {
        "type": "string",
        "value": "52.66%"
    },
    "_margin_": [
        0,
        0,
        0,
        0
    ],
    "_orientation_": 6,
    "_padding_": [
        0,
        0,
        0,
        0
    ],
    "_percent_": true,
    "_skin_": "sb32d6ffc93a493c82222a894c5d10f9",
    "_top_": {
        "type": "string",
        "value": "52.66%"
    },
    "_width_": {
        "type": "string",
        "value": "40%"
    },
    "allboxes": [],
    "autogrowmode": 0,
    "canUpdateUI": true,
    "children": [
        "CopyLabel0820fef94b9df46",
        "CopyLabel0c7e239b21f0143"
    ],
    "clipbounds": true,
    "containerweight": 100,
    "enablescrolling": true,
    "focusskin": "s5efd6bbcbd144acb6a342eec6f631d0",
    "id": "CopyFlexContainer06973b690cdfd4d",
    "info": null,
    "isvisible": true,
    "kuid": "a5c15a250cd24a8c9f639dded355923c",
    "layouttype": 2,
    "name": "kony.ui.FlexContainer",
    "parent": "flxSummary",
    "pf": "frmDashboard",
    "snapgridsize": 10,
    "snaptogrid": true,
    "wType": "FlexContainer",
    "widgetalignment": 1
}