{
    "@class": "com.kony.gen.viz.model.component.KVizLabel",
    "DNDConfig": null,
    "__parentReadjusting__": false,
    "_height_": {
        "type": "ref",
        "value": "preferred"
    },
    "_margin_": [
        1,
        1,
        1,
        1
    ],
    "_padding_": [
        0,
        0,
        0,
        0
    ],
    "_skin_": "s8c1c827079e4d15a4da7245dd210d8b",
    "_text_": "Issues Reported",
    "_top_": {
        "type": "string",
        "value": "25%"
    },
    "_width_": {
        "type": "ref",
        "value": "preferred"
    },
    "_wrapping_": 2,
    "android": {
        "textStyle": {
            "letterSpacing": 0,
            "strikeThrough": false
        }
    },
    "canUpdateUI": true,
    "centerx": {
        "type": "string",
        "value": "50%"
    },
    "containerweight": 100,
    "contentalignment": 4,
    "id": "CopyLabel047fd651cc2f14c",
    "info": null,
    "ipad": {
        "psp": {
            "wrapping": 2
        }
    },
    "iphone": {
        "psp": {
            "wrapping": 2
        }
    },
    "isvisible": true,
    "kuid": "ee2dc0597a0b48efa0162a3853e44d11",
    "name": "kony.ui.Label",
    "parent": "CopyFlexContainer0c29ac9a120954c",
    "pf": "frmDashboard",
    "tooltip": "",
    "wType": "Label"
}