{
    "DNDConfig": null,
    "__parentReadjusting__": false,
    "_height_": {
        "type": "string",
        "value": "40%"
    },
    "_left_": {
        "type": "string",
        "value": "6.30%"
    },
    "_margin_": [
        0,
        0,
        0,
        0
    ],
    "_orientation_": 6,
    "_padding_": [
        0,
        0,
        0,
        0
    ],
    "_percent_": true,
    "_skin_": "s9e17e6f91ab42f3b0cd2db464313fed",
    "_top_": {
        "type": "string",
        "value": "6.33%"
    },
    "_width_": {
        "type": "string",
        "value": "40%"
    },
    "allboxes": [],
    "autogrowmode": 0,
    "canUpdateUI": true,
    "children": [
        "Label03f1d747e92b743",
        "Label080cac56f82a24b"
    ],
    "clipbounds": true,
    "containerweight": 100,
    "enablescrolling": true,
    "focusskin": "s20ffbb331a444c495f885e4175724e3",
    "id": "FlexContainer04dcec7287e0c4a",
    "ide_onTouchEnd": "AS_FlexContainer_cee312eb185a41da86eabc9f4b069e53",
    "info": null,
    "isvisible": true,
    "kuid": "8d82f1788a3e47e7b6e6b19d431c27c3",
    "layouttype": 2,
    "name": "kony.ui.FlexContainer",
    "parent": "flxSummary",
    "pf": "frmDashboard",
    "snapgridsize": 10,
    "snaptogrid": true,
    "wType": "FlexContainer",
    "widgetalignment": 1,
    "zindex": 30
}