{
    "DNDConfig": null,
    "__parentReadjusting__": false,
    "_height_": {
        "type": "string",
        "value": "10%"
    },
    "_left_": {
        "type": "string",
        "value": "0dp"
    },
    "_margin_": [
        0,
        0,
        0,
        0
    ],
    "_orientation_": 6,
    "_padding_": [
        0,
        0,
        0,
        0
    ],
    "_percent_": true,
    "_skin_": "s8e7f8b82787498c81211da82943388f",
    "_top_": {
        "type": "number",
        "value": "0"
    },
    "_width_": {
        "type": "string",
        "value": "100%"
    },
    "allboxes": [],
    "autogrowmode": 0,
    "canUpdateUI": true,
    "children": [
        "Label04125fb89a62f40",
        "CopyflxLine0fd5bfc8da0be47"
    ],
    "clipbounds": true,
    "containerweight": 100,
    "enablescrolling": true,
    "id": "flxDashboard",
    "ide_onTouchEnd": "AS_FlexContainer_adc0d8295ff646dd88a6c936ddf57e1b",
    "info": null,
    "isvisible": true,
    "kuid": "c732f9a88a7d4cd1ba824446f7a12c3b",
    "layouttype": 2,
    "name": "kony.ui.FlexContainer",
    "parent": "flxMenuMain",
    "pf": "frmDashboard",
    "snapgridsize": 10,
    "snaptogrid": true,
    "wType": "FlexContainer",
    "widgetalignment": 1
}