{
    "DNDConfig": null,
    "__parentReadjusting__": false,
    "_height_": {
        "type": "string",
        "value": "10%"
    },
    "_left_": {
        "type": "string",
        "value": "0dp"
    },
    "_margin_": [
        0,
        0,
        0,
        0
    ],
    "_orientation_": 6,
    "_padding_": [
        0,
        0,
        0,
        0
    ],
    "_percent_": true,
    "_skin_": "s8e7f8b82787498c81211da82943388f",
    "_top_": {
        "type": "string",
        "value": "0dp"
    },
    "_width_": {
        "type": "string",
        "value": "100%"
    },
    "allboxes": [],
    "autogrowmode": 0,
    "canUpdateUI": true,
    "children": [
        "CopyLabel0281cc3aac14d49",
        "CopyflxLine0932af4004df445"
    ],
    "clipbounds": true,
    "containerweight": 100,
    "enablescrolling": true,
    "id": "flxTrips",
    "ide_onTouchEnd": "AS_FlexContainer_0c10620f49184e2d9286765f14c654aa",
    "info": null,
    "isvisible": true,
    "kuid": "c45b709f225743e19dd01a925e30aac5",
    "layouttype": 2,
    "name": "kony.ui.FlexContainer",
    "parent": "flxMenuMain",
    "pf": "frmDashboard",
    "snapgridsize": 10,
    "snaptogrid": true,
    "wType": "FlexContainer",
    "widgetalignment": 1
}