{
    "@class": "com.kony.gen.viz.model.component.KVizSwitch",
    "DNDConfig": null,
    "__parentReadjusting__": false,
    "_height_": {
        "type": "string",
        "value": "32dp"
    },
    "_margin_": [
        0,
        0,
        0,
        0
    ],
    "_padding_": [
        0,
        0,
        0,
        0
    ],
    "_right_": {
        "type": "string",
        "value": "10%"
    },
    "_skin_": "s7e476c8d2644923a0ef00b88f97b9c3",
    "_top_": {
        "type": "string",
        "value": "0dp"
    },
    "_width_": {
        "type": "string",
        "value": "55dp"
    },
    "canUpdateUI": true,
    "centery": {
        "type": "string",
        "value": "50%"
    },
    "containerweight": 100,
    "id": "Switch0c15b97a05a7c4c",
    "ide_onSlide": "AS_Switch_22af811982ee498bad506ed02582910b",
    "info": null,
    "isvisible": true,
    "kiosk": {
        "render": false
    },
    "kuid": "b31ddfc8c1b04d38b4dcf3b1c55f9c71",
    "leftsidetext": "ON",
    "name": "kony.ui.Switch",
    "onslide": null,
    "osPlatform": "android",
    "osVersion": "iOS7",
    "parent": "FlexContainer0327f97933daf4a",
    "pf": "frmDashboard",
    "rightsidetext": "OFF",
    "selectedindex": 1,
    "wType": "Switch",
    "widgetalignment": 5,
    "zindex": 1
}