{
    "@class": "com.kony.gen.viz.model.component.KVizButton",
    "DNDConfig": null,
    "__parentReadjusting__": false,
    "_height_": {
        "type": "string",
        "value": "30%"
    },
    "_margin_": [
        6,
        6,
        6,
        6
    ],
    "_padding_": [
        0,
        0,
        0,
        0
    ],
    "_right_": {
        "type": "string",
        "value": "3%"
    },
    "_skin_": "s9f9916bd8e34874bf565b9f7acff7b5",
    "_text_": "End Trip",
    "_top_": {
        "type": "string",
        "value": "20%"
    },
    "_width_": {
        "type": "string",
        "value": "100dp"
    },
    "canUpdateUI": true,
    "containerweight": 100,
    "contentalignment": 5,
    "displaytext": true,
    "focusskin": "s53f723c9fe948589999b270cec0bb85",
    "id": "btnEndTrip",
    "ide_onClick": "AS_Button_0566ea4431554e99996cd3b99ba28534",
    "info": null,
    "isvisible": true,
    "kuid": "b8515d1d02f445b8b53fecaea78c5461",
    "name": "kony.ui.Button",
    "parent": "FlexContainer08d2f4c72bc1640",
    "pf": "frmStartTrip",
    "wType": "Button",
    "zindex": 1
}