{
    "@class": "com.kony.gen.viz.model.component.KVizCamera",
    "DNDConfig": null,
    "__parentReadjusting__": false,
    "_height_": {
        "type": "string",
        "value": "30%"
    },
    "_margin_": [
        0,
        0,
        0,
        0
    ],
    "_padding_": [
        0,
        0,
        0,
        0
    ],
    "_right_": {
        "type": "string",
        "value": "3%"
    },
    "_skin_": "s067f629a3c34510afdd2c53e5ac9a19",
    "_text_": "Report Issue",
    "_top_": {
        "type": "string",
        "value": "55%"
    },
    "_width_": {
        "type": "string",
        "value": "100dp"
    },
    "canUpdateUI": true,
    "containerweight": 100,
    "contentalignment": 5,
    "desktopweb": {
        "render": false
    },
    "focusskin": "sa3c842d00ac40ab9da8eeb69470d708",
    "id": "cameraPic",
    "ide_onCapture": "AS_Camera_c175b33cea4144b181141e233d502ae3",
    "info": null,
    "isvisible": true,
    "kuid": "e5b6c5952e4d4d4bb7095457552cc962",
    "name": "kony.ui.Camera",
    "oncapture": null,
    "parent": "FlexContainer08d2f4c72bc1640",
    "pf": "frmStartTrip",
    "spaan": {
        "render": false
    },
    "spaandroidtablet": {
        "render": false
    },
    "spabb": {
        "render": false
    },
    "spaip": {
        "render": false
    },
    "spaipad": {
        "render": false
    },
    "spawindowstablet": {
        "render": false
    },
    "spawinphone8": {
        "render": false
    },
    "wType": "Camera",
    "watchos": {
        "render": false
    },
    "zindex": 1
}