{
    "DNDConfig": null,
    "__parentReadjusting__": false,
    "_bottom_": {
        "type": "string",
        "value": "2%"
    },
    "_height_": {
        "type": "string",
        "value": "80%"
    },
    "_left_": {
        "type": "string",
        "value": "6.30%"
    },
    "_margin_": [
        0,
        0,
        0,
        0
    ],
    "_orientation_": 6,
    "_padding_": [
        0,
        0,
        0,
        0
    ],
    "_percent_": true,
    "_skin_": "s9e17e6f91ab42f3b0cd2db464313fed",
    "_width_": {
        "type": "string",
        "value": "40%"
    },
    "allboxes": [],
    "autogrowmode": 0,
    "canUpdateUI": true,
    "children": [
        "Label03f1d747e92b743",
        "Label080cac56f82a24b"
    ],
    "clipbounds": true,
    "containerweight": 100,
    "enablescrolling": true,
    "focusskin": "s20ffbb331a444c495f885e4175724e3",
    "id": "flxQuality",
    "info": null,
    "isvisible": true,
    "kuid": "cfaa8435beca46269596b567894b7775",
    "layouttype": 2,
    "name": "kony.ui.FlexContainer",
    "parent": "flxOutput",
    "pf": "frmStartTrip",
    "snapgridsize": 10,
    "snaptogrid": true,
    "wType": "FlexContainer",
    "widgetalignment": 1,
    "zindex": 30
}