{
    "@class": "com.kony.gen.viz.model.component.KVizLabel",
    "DNDConfig": null,
    "__parentReadjusting__": false,
    "_height_": {
        "type": "ref",
        "value": "preferred"
    },
    "_margin_": [
        1,
        1,
        1,
        1
    ],
    "_padding_": [
        0,
        0,
        0,
        0
    ],
    "_skin_": "s1bf4eab70d34057b2acf9e6c68a2b22",
    "_text_": "3/10",
    "_width_": {
        "type": "ref",
        "value": "preferred"
    },
    "_wrapping_": 2,
    "android": {
        "textStyle": {
            "letterSpacing": 0,
            "strikeThrough": false
        }
    },
    "canUpdateUI": true,
    "centerx": {
        "type": "string",
        "value": "50%"
    },
    "centery": {
        "type": "string",
        "value": "60%"
    },
    "containerweight": 100,
    "contentalignment": 5,
    "id": "Label080cac56f82a24b",
    "info": null,
    "ipad": {
        "psp": {
            "wrapping": 2
        }
    },
    "iphone": {
        "psp": {
            "wrapping": 2
        }
    },
    "isvisible": true,
    "kuid": "d9acf6fc4fc94634ab154aa1f659d0a0",
    "name": "kony.ui.Label",
    "parent": "flxQuality",
    "pf": "frmStartTrip",
    "tooltip": "",
    "wType": "Label",
    "zindex": 1
}