{
    "@class": "com.kony.gen.viz.model.component.KVizLabel",
    "DNDConfig": null,
    "__parentReadjusting__": false,
    "_height_": {
        "type": "ref",
        "value": "preferred"
    },
    "_margin_": [
        1,
        1,
        1,
        1
    ],
    "_padding_": [
        0,
        0,
        0,
        0
    ],
    "_skin_": "s35d1af25ea446e0a450ceb540dea5d8",
    "_text_": "89",
    "_width_": {
        "type": "ref",
        "value": "preferred"
    },
    "_wrapping_": 2,
    "android": {
        "textStyle": {
            "letterSpacing": 0,
            "strikeThrough": false
        }
    },
    "canUpdateUI": true,
    "centerx": {
        "type": "string",
        "value": "50%"
    },
    "centery": {
        "type": "string",
        "value": "60%"
    },
    "containerweight": 100,
    "contentalignment": 5,
    "id": "lblBumpsCount",
    "info": null,
    "ipad": {
        "psp": {
            "wrapping": 2
        }
    },
    "iphone": {
        "psp": {
            "wrapping": 2
        }
    },
    "isvisible": true,
    "kuid": "64b5e63964a942debb9533bbbb0af682",
    "name": "kony.ui.Label",
    "parent": "CopyFlexContainer0e760f5f3cb8745",
    "pf": "frmStartTrip",
    "tooltip": "",
    "wType": "Label",
    "zindex": 1
}