{
    "@class": "com.kony.gen.viz.model.component.KVizButton",
    "DNDConfig": null,
    "__parentReadjusting__": false,
    "_height_": {
        "type": "string",
        "value": "30%"
    },
    "_left_": {
        "type": "string",
        "value": "76%"
    },
    "_margin_": [
        6,
        6,
        6,
        6
    ],
    "_padding_": [
        0,
        0,
        0,
        0
    ],
    "_skin_": "sea8185a3a7240a3b5dfd3f631a1892c",
    "_text_": "Contribute",
    "_top_": {
        "type": "string",
        "value": "17dp"
    },
    "_width_": {
        "type": "string",
        "value": "21%"
    },
    "canUpdateUI": true,
    "centery": {
        "type": "string",
        "value": "50%"
    },
    "containerId": true,
    "containerweight": 100,
    "contentalignment": 5,
    "displaytext": true,
    "focusskin": "scb826b5338f4fc4b2a743868709a716",
    "id": "Button0a343b7d7f58742",
    "ide_onClick": "AS_Button_390df827719840cf942c35e6522b4ffd",
    "info": null,
    "isvisible": true,
    "kuid": "7279140e53174277876ce88a0af177fe",
    "name": "kony.ui.Button",
    "parent": "FlexContainer0b52f60c4cc6949",
    "pf": "tmpTrips",
    "wType": "Button",
    "zindex": 1
}