{
    "DNDConfig": null,
    "_height_": {
        "type": "string",
        "value": "80dp"
    },
    "_margin_": [
        0,
        0,
        0,
        0
    ],
    "_orientation_": 6,
    "_padding_": [
        0,
        0,
        0,
        0
    ],
    "_percent_": true,
    "_skin_": "s8e7f8b82787498c81211da82943388f",
    "allboxes": [],
    "autogrowmode": 0,
    "canUpdateUI": true,
    "children": [
        "lblTo",
        "lblDateValue",
        "lblToValue",
        "lblFrom",
        "CopylblQuality0237aac80b76646",
        "lblFromValue",
        "CopylblFromValue0cfcbd4dda2244e",
        "lblQualityValue",
        "Button0a343b7d7f58742"
    ],
    "clipbounds": true,
    "containerId": true,
    "containerweight": 100,
    "enablescrolling": true,
    "id": "FlexContainer0b52f60c4cc6949",
    "info": null,
    "isTemplate": true,
    "isvisible": true,
    "kuid": "031f8097abc04206bf69afb4a8bbeaf8",
    "layouttype": 2,
    "name": "kony.ui.FlexContainer",
    "parent": "tmpTrips",
    "pf": "tmpTrips",
    "snapgridsize": 10,
    "snaptogrid": true,
    "wType": "FlexContainer",
    "widgetalignment": 1
}