{
    "DNDConfig": null,
    "__parentReadjusting__": false,
    "_height_": {
        "type": "string",
        "value": "10%"
    },
    "_left_": {
        "type": "string",
        "value": "0dp"
    },
    "_margin_": [
        0,
        0,
        0,
        0
    ],
    "_orientation_": 6,
    "_padding_": [
        0,
        0,
        0,
        0
    ],
    "_percent_": true,
    "_skin_": "s8e7f8b82787498c81211da82943388f",
    "_top_": {
        "type": "string",
        "value": "0dp"
    },
    "_width_": {
        "type": "string",
        "value": "100%"
    },
    "allboxes": [],
    "autogrowmode": 0,
    "canUpdateUI": true,
    "children": [
        "CopyLabel0d0d31936215146",
        "CopyflxLine0c6f4c764071841"
    ],
    "clipbounds": true,
    "containerweight": 100,
    "enablescrolling": true,
    "id": "flxLogout",
    "ide_onTouchEnd": "AS_FlexContainer_a92a718fb09949138395dc9aade39fdc",
    "info": null,
    "isvisible": true,
    "kuid": "40031027d5ac4d8f958ab51a5b28a465",
    "layouttype": 2,
    "name": "kony.ui.FlexContainer",
    "parent": "flxMenuMain",
    "pf": "frmContractors",
    "snapgridsize": 10,
    "snaptogrid": true,
    "wType": "FlexContainer",
    "widgetalignment": 1
}