{
    "@class": "com.kony.gen.viz.model.container.KVizSegment2",
    "DNDConfig": null,
    "__parentReadjusting__": false,
    "_data_": [
        {
            "CopyImage0113dd71922bd4b": {
                "@class": "com.viz.ide.model.segment.ImageSegmentData",
                "src": "unrated.png"
            },
            "CopyImage0190495ce5bc748": {
                "@class": "com.viz.ide.model.segment.ImageSegmentData",
                "src": "rated.png"
            },
            "CopyImage02aeda0506e3b4b": {
                "@class": "com.viz.ide.model.segment.ImageSegmentData",
                "src": "rated.png"
            },
            "CopyImage0e183017d17f642": {
                "@class": "com.viz.ide.model.segment.ImageSegmentData",
                "src": "rated.png"
            },
            "CopyLabel02e8109dc084d44": {
                "@class": "com.viz.ide.model.segment.SimpleTextSegmentData",
                "text": "#7556"
            },
            "Image09d4297c0dd464f": {
                "@class": "com.viz.ide.model.segment.ImageSegmentData",
                "src": "rated.png"
            },
            "Image0fe6d245e6f994c": {
                "@class": "com.viz.ide.model.segment.ImageSegmentData",
                "src": "c1.png"
            },
            "Label06dfb540e869848": {
                "@class": "com.viz.ide.model.segment.SimpleTextSegmentData",
                "text": "Galaxy Geomatics"
            },
            "Label0fde795e17a674d": {
                "@class": "com.viz.ide.model.segment.SimpleTextSegmentData",
                "text": "Road Construction"
            }
        },
        {
            "CopyImage0113dd71922bd4b": {
                "@class": "com.viz.ide.model.segment.ImageSegmentData",
                "src": "unrated.png"
            },
            "CopyImage0190495ce5bc748": {
                "@class": "com.viz.ide.model.segment.ImageSegmentData",
                "src": "rated.png"
            },
            "CopyImage02aeda0506e3b4b": {
                "@class": "com.viz.ide.model.segment.ImageSegmentData",
                "src": "rated.png"
            },
            "CopyImage0e183017d17f642": {
                "@class": "com.viz.ide.model.segment.ImageSegmentData",
                "src": "unrated.png"
            },
            "CopyLabel02e8109dc084d44": {
                "@class": "com.viz.ide.model.segment.SimpleTextSegmentData",
                "text": "#1990"
            },
            "Image09d4297c0dd464f": {
                "@class": "com.viz.ide.model.segment.ImageSegmentData",
                "src": "rated.png"
            },
            "Image0fe6d245e6f994c": {
                "@class": "com.viz.ide.model.segment.ImageSegmentData",
                "src": "c2.png"
            },
            "Label06dfb540e869848": {
                "@class": "com.viz.ide.model.segment.SimpleTextSegmentData",
                "text": "Swaran Tollway"
            },
            "Label0fde795e17a674d": {
                "@class": "com.viz.ide.model.segment.SimpleTextSegmentData",
                "text": "Highways"
            }
        },
        {
            "CopyImage0113dd71922bd4b": {
                "@class": "com.viz.ide.model.segment.ImageSegmentData",
                "src": "unrated.png"
            },
            "CopyImage0190495ce5bc748": {
                "@class": "com.viz.ide.model.segment.ImageSegmentData",
                "src": "rated.png"
            },
            "CopyImage02aeda0506e3b4b": {
                "@class": "com.viz.ide.model.segment.ImageSegmentData",
                "src": "rated.png"
            },
            "CopyImage0e183017d17f642": {
                "@class": "com.viz.ide.model.segment.ImageSegmentData",
                "src": "unrated.png"
            },
            "CopyLabel02e8109dc084d44": {
                "@class": "com.viz.ide.model.segment.SimpleTextSegmentData",
                "text": "#8782"
            },
            "Image09d4297c0dd464f": {
                "@class": "com.viz.ide.model.segment.ImageSegmentData",
                "src": "rated.png"
            },
            "Image0fe6d245e6f994c": {
                "@class": "com.viz.ide.model.segment.ImageSegmentData",
                "src": "c3.png"
            },
            "Label06dfb540e869848": {
                "@class": "com.viz.ide.model.segment.SimpleTextSegmentData",
                "text": "ACB Infrastructure Ltd"
            },
            "Label0fde795e17a674d": {
                "@class": "com.viz.ide.model.segment.SimpleTextSegmentData",
                "text": "Road Construction"
            }
        },
        {
            "CopyImage0113dd71922bd4b": {
                "@class": "com.viz.ide.model.segment.ImageSegmentData",
                "src": "unrated.png"
            },
            "CopyImage0190495ce5bc748": {
                "@class": "com.viz.ide.model.segment.ImageSegmentData",
                "src": "rated.png"
            },
            "CopyImage02aeda0506e3b4b": {
                "@class": "com.viz.ide.model.segment.ImageSegmentData",
                "src": "unrated.png"
            },
            "CopyImage0e183017d17f642": {
                "@class": "com.viz.ide.model.segment.ImageSegmentData",
                "src": "unrated.png"
            },
            "CopyLabel02e8109dc084d44": {
                "@class": "com.viz.ide.model.segment.SimpleTextSegmentData",
                "text": "#5589"
            },
            "Image09d4297c0dd464f": {
                "@class": "com.viz.ide.model.segment.ImageSegmentData",
                "src": "rated.png"
            },
            "Image0fe6d245e6f994c": {
                "@class": "com.viz.ide.model.segment.ImageSegmentData",
                "src": "c4.png"
            },
            "Label06dfb540e869848": {
                "@class": "com.viz.ide.model.segment.SimpleTextSegmentData",
                "text": "LCC Buildcon Ltd"
            },
            "Label0fde795e17a674d": {
                "@class": "com.viz.ide.model.segment.SimpleTextSegmentData",
                "text": "Construction"
            }
        },
        {
            "CopyImage0113dd71922bd4b": {
                "@class": "com.viz.ide.model.segment.ImageSegmentData",
                "src": "unrated.png"
            },
            "CopyImage0190495ce5bc748": {
                "@class": "com.viz.ide.model.segment.ImageSegmentData",
                "src": "rated.png"
            },
            "CopyImage02aeda0506e3b4b": {
                "@class": "com.viz.ide.model.segment.ImageSegmentData",
                "src": "rated.png"
            },
            "CopyImage0e183017d17f642": {
                "@class": "com.viz.ide.model.segment.ImageSegmentData",
                "src": "rated.png"
            },
            "CopyLabel02e8109dc084d44": {
                "@class": "com.viz.ide.model.segment.SimpleTextSegmentData",
                "text": "#12203"
            },
            "Image09d4297c0dd464f": {
                "@class": "com.viz.ide.model.segment.ImageSegmentData",
                "src": "rated.png"
            },
            "Image0fe6d245e6f994c": {
                "@class": "com.viz.ide.model.segment.ImageSegmentData",
                "src": "c5.png"
            },
            "Label06dfb540e869848": {
                "@class": "com.viz.ide.model.segment.SimpleTextSegmentData",
                "text": "HSA Constructors"
            },
            "Label0fde795e17a674d": {
                "@class": "com.viz.ide.model.segment.SimpleTextSegmentData",
                "text": "Grading Work"
            }
        }
    ],
    "_height_": {
        "type": "string",
        "value": "92%"
    },
    "_indicator_": "none",
    "_left_": {
        "type": "string",
        "value": "0dp"
    },
    "_margin_": [
        0,
        0,
        0,
        0
    ],
    "_orientation_": 2,
    "_padding_": [
        0,
        0,
        0,
        0
    ],
    "_top_": {
        "type": "string",
        "value": "7.50%"
    },
    "_width_": {
        "type": "string",
        "value": "100%"
    },
    "autogrowmode": 0,
    "canUpdateUI": true,
    "containerweight": 100,
    "counter": "04",
    "disabledSkins": {
        "alternateRowSkin": "se2ea40d1c7344748c76c95f4807bdb5"
    },
    "focusedindex": null,
    "focuseditem": null,
    "groupcells": false,
    "hasSections": false,
    "id": "Segment0677af441f9f84e",
    "info": null,
    "ipad": {
        "psp": {
            "indicator": "rowselect"
        }
    },
    "iphone": {
        "psp": {
            "indicator": "none"
        }
    },
    "isvisible": true,
    "kuid": "336c9de68b594a5bad7ad47c5c97227b",
    "masterdata": {},
    "name": "kony.ui.SegmentedUI2",
    "needpageindicator": true,
    "pageoffdotimage": "pageOffDot.png",
    "pageondotimage": "pageOnDot.png",
    "paginationconfig": {
        "position": "bottom"
    },
    "parent": "flxBody",
    "pf": "frmContractors",
    "retainselection": false,
    "rowTemplateId": "aac9fab3be794b70a6fc1471eab69d99",
    "rowcounter": 4,
    "rowfocusskin": "sfd728bc3eed427cb2dd30b05a23706f",
    "rowskin": "s6b3dbc9a8284fd796af2cce2934eb65",
    "rowtemplate": "FlexContainer0266fa20c665144",
    "screenlevelwidget": false,
    "seccounter": 0,
    "sectionheaderskin": "sd7c192fe3ac40d4a4b945509f37b2de",
    "selectedRows": null,
    "selectedState": false,
    "selectedindex": null,
    "selectedindices": null,
    "selecteditems": null,
    "selectedsectionindex": null,
    "selectionbehavior": "default",
    "separatorrequired": false,
    "separatorthickness": 0,
    "showscrollbars": false,
    "viewtype": "tableview",
    "wType": "Segment",
    "widgetalignment": 5,
    "widgetdatamap": {
        "CopyImage0113dd71922bd4b": "CopyImage0113dd71922bd4b",
        "CopyImage0190495ce5bc748": "CopyImage0190495ce5bc748",
        "CopyImage02aeda0506e3b4b": "CopyImage02aeda0506e3b4b",
        "CopyImage0e183017d17f642": "CopyImage0e183017d17f642",
        "CopyLabel02e8109dc084d44": "CopyLabel02e8109dc084d44",
        "FlexContainer0266fa20c665144": "FlexContainer0266fa20c665144",
        "FlexContainer0758cc1a9369245": "FlexContainer0758cc1a9369245",
        "FlexContainer088bbdb12387547": "FlexContainer088bbdb12387547",
        "Image09d4297c0dd464f": "Image09d4297c0dd464f",
        "Image0fe6d245e6f994c": "Image0fe6d245e6f994c",
        "Label06dfb540e869848": "Label06dfb540e869848",
        "Label0fde795e17a674d": "Label0fde795e17a674d",
        "flxMain": "flxMain"
    }
}