{
    "@class": "com.kony.gen.viz.model.component.KVizTextBox2",
    "DNDConfig": null,
    "__parentReadjusting__": false,
    "_height_": {
        "type": "string",
        "value": "6%"
    },
    "_left_": {
        "type": "string",
        "value": "95dp"
    },
    "_margin_": [
        0,
        0,
        0,
        0
    ],
    "_padding_": [
        3,
        0,
        0,
        0
    ],
    "_placeholder_": "Search Contractors",
    "_skin_": "s09547c0a12a46beb61881423822fc4a",
    "_text_": "",
    "_top_": {
        "type": "string",
        "value": "1%"
    },
    "_width_": {
        "type": "string",
        "value": "95%"
    },
    "autocapitalize": "none",
    "autocomplete": false,
    "autocorrect": false,
    "autofilter": false,
    "canUpdateUI": true,
    "centerx": {
        "type": "string",
        "value": "50%"
    },
    "containerheight": "",
    "containerheightmode": 1,
    "containerweight": 100,
    "contentalignment": 4,
    "id": "TextField008c9743ad7404e",
    "info": null,
    "isvisible": true,
    "keyboardtype": "A",
    "kuid": "33e689eea90f4cd383fd66644c7a6488",
    "mode": "A",
    "name": "kony.ui.TextBox2",
    "parent": "flxBody",
    "pf": "frmContractors",
    "securetextentry": false,
    "textinputmode": "A",
    "viewtype": "search",
    "wType": "TextField",
    "zindex": 1
}